Name,Year,ZiPs_2024,Steamer_2024,Real_2024
Ronald Acuna Jr.,2024,0.9923598688133572,0.9816272242370563,0.715934684
Juan Soto,2024,0.9374645112694826,0.9809678266399169,0.988799282
Aaron Judge,2024,0.9588952812097205,0.9476158038438636,1.15928922
Julio Rodriguez,2024,0.8235748965577422,0.8585516666680999,0.733804027
Mookie Betts,2024,0.895130970724191,0.891116064228816,0.863204134
Fernando Tatis Jr.,2024,0.8698219889231126,0.8741815485386759,0.832644959
Adley Rutschman,2024,0.8082717759846274,0.8200732922511238,0.708724725
Jose Ramirez,2024,0.8482617741426255,0.8662684839051664,0.871898536
Trea Turner,2024,0.8211860639392361,0.7865478116242011,0.806969267
Corey Seager,2024,0.8872316780721765,0.8969316850980249,0.864299397
Yordan Alvarez,2024,0.98543056514071,0.9893458028552344,0.959154969
Francisco Lindor,2024,0.7746651952970669,0.7782758460455911,0.843976777
Marcus Semien,2024,0.7935452273497074,0.797882466258277,0.698568672
Gunnar Henderson,2024,0.8161207664884136,0.8195329889861376,0.892966421
Alex Bregman,2024,0.8203177257525084,0.8245372466118612,0.768125227
Austin Riley,2024,0.8700453818105507,0.8623957907167256,0.78313809
Will Smith,2024,0.8071842543180123,0.815142183619117,0.759978991
Andres Gimenez,2024,0.7635447553667278,0.7567956031377123,0.638035339
Corbin Carroll,2024,0.8148620344230945,0.8368337329892095,0.749429706
Sean Murphy,2024,0.8252501087429317,0.7923765985942723,0.636022239
Dansby Swanson,2024,0.754576055465309,0.7380946257050318,0.701486126
Freddie Freeman,2024,0.88749635219077,0.8961591849210775,0.853757706
Kyle Tucker,2024,0.8584896892245135,0.8948756478636395,0.99257564
Bobby Witt Jr.,2024,0.8041707681650807,0.8314507435243098,0.977330991
Bo Bichette,2024,0.8040173724212811,0.81128144863333,0.598329122
Willy Adames,2024,0.7927120703790491,0.7556876874202715,0.793690429
Nico Hoerner,2024,0.7269980174060964,0.7445037168312745,0.708265649
Manny Machado,2024,0.803510226644555,0.8238778443490318,0.797214259
Rafael Devers,2024,0.8682098845843211,0.8931013421912889,0.870599793
Luis Robert Jr.,2024,0.8146163045791053,0.8048985762206489,0.657436746
Carlos Correa,2024,0.7809641097818438,0.7859649299199443,0.905219521
Xander Bogaerts,2024,0.7700604316546763,0.784386615099283,0.687536585
Brandon Nimmo,2024,0.7899005539119455,0.8053924837035924,0.726599624
Wander Franco,2024,0.7920847015162954,0.8265029327050228,
Cal Raleigh,2024,0.7577278822679916,0.7637221127157277,0.747999345
Michael Harris II,2024,0.7851822978745338,0.8291141232962,0.722437137
Matt Olson,2024,0.8751047621597741,0.9146734927880995,0.789513381
Bryce Harper,2024,0.914303774607188,0.9064732547276426,0.898470418
Matt Chapman,2024,0.7715803452855245,0.7351485731074767,0.790274846
Isaac Paredes,2024,0.7951466690098561,0.8091363772340594,0.739322782
William Contreras,2024,0.7874472392848564,0.8141239920853403,0.830789222
Gleyber Torres,2024,0.7959281164695178,0.7979708551569893,0.708510949
Jose Altuve,2024,0.8186619861042426,0.8171759638564323,0.789930327
James Outman,2024,0.779601317911744,0.7333593337901381,0.521116138
J.P. Crawford,2024,0.7267399267399267,0.7457598671108239,0.625197972
Jonah Heim,2024,0.7355735102065146,0.7293895134927203,0.602314425
Nolan Arenado,2024,0.7813019808240409,0.7889163882047551,0.719384802
Alejandro Kirk,2024,0.7477432268613797,0.7902891714288934,0.677476378
Ozzie Albies,2024,0.8054550786978198,0.8207502293408191,0.706957046
Ketel Marte,2024,0.8257081482074478,0.8154402360355346,0.931736501
Shohei Ohtani,2024,0.9048041389504804,0.9217190275703105,1.036336305
Randy Arozarena,2024,0.8064716881902647,0.7923096086249427,0.719768265
Matt McLain,2024,0.7884805074586096,0.7820875694470032,
Ha-Seong Kim,2024,0.7105392156862745,0.716852386345137,0.70019915
J.T. Realmuto,2024,0.7597463002114164,0.7531640549967482,0.750981266
Nolan Jones,2024,0.8552536231884058,0.8207432773822778,0.641258445
Wyatt Langford,2024,0.812884110880772,0.8218572279505839,0.739784775
Vladimir Guerrero Jr.,2024,0.848882214072468,0.8874714586762207,0.939813951
Cedric Mullins,2024,0.7468595901513471,0.733913799259287,0.710283453
Adolis Garcia,2024,0.7844750605944635,0.7650138465703874,0.684144427
Royce Lewis,2024,0.8014740724247977,0.8190508835886718,0.747439409
Davis Schneider,2024,0.7629018808486983,0.7556763502901251,0.624507594
Tommy Edman,2024,0.7184739531108246,0.7269680390924358,0.711383834
Evan Carter,2024,0.7698389003302422,0.7579333605677284,0.632716049
Mike Trout,2024,0.8773280599095521,0.8631534720194702,0.866681228
Chas McCormick,2024,0.7771975630983463,0.740222529427264,0.576461814
Edouard Julien,2024,0.7548698071953885,0.7546968486386066,0.615667073
Jackson Holliday,2024,0.7220244987506856,0.7299332329275441,0.565334007
Ian Happ,2024,0.782210097133949,0.7730574693791492,0.782068463
Yandy Diaz,2024,0.8136021300874857,0.8576628257350865,0.755239214
Cody Bellinger,2024,0.7686843217779925,0.7735220051189118,0.751488399
Leody Taveras,2024,0.7285065574936254,0.7353280463211334,0.641056717
George Springer,2024,0.7599949907642215,0.7786105592982941,0.674067975
Byron Buxton,2024,0.8180848203783984,0.7742093019043197,0.858995207
Riley Greene,2024,0.7735160965794768,0.7803914032853578,0.826714595
Brandon Lowe,2024,0.7901889405575406,0.7766274446029421,0.783315507
Steven Kwan,2024,0.7165857398415538,0.7555957796356676,0.793029739
Willson Contreras,2024,0.7653833629737244,0.7958528881015108,0.848326806
Gabriel Moreno,2024,0.7389937106918238,0.7709935883533796,0.733604221
Michael Busch,2024,0.7797979797979797,0.7240179034615111,0.77461313
Trent Grisham,2024,0.7264654291795714,0.72654540608034,0.675329932
Jordan Westburg,2024,0.7367281129958614,0.7458550785688233,0.792428422
Pete Alonso,2024,0.828532728881026,0.8584205680300176,0.78837798
Paul Goldschmidt,2024,0.8063331859553902,0.8278899605516367,0.715561833
Seiya Suzuki,2024,0.8299554436825507,0.804956592769647,0.84823384
Bo Naylor,2024,0.7240742526518804,0.7545131848962827,0.613848376
Josh Lowe,2024,0.7579325701285184,0.7630075706542992,0.693260425
Jeimer Candelario,2024,0.8083249496981891,0.7650415948644099,0.707189138
Vaughn Grissom,2024,0.7712688156773644,0.778082080392406,0.464661654
Anthony Santander,2024,0.7948404017488739,0.7796795369215161,0.814153028
Bryson Stott,2024,0.6956456554331529,0.7401118236361157,0.670967652
DJ LeMahieu,2024,0.7079048037125297,0.7301558949982774,0.527428933
Anthony Volpe,2024,0.7056428760343069,0.7163189850371503,0.657210136
Bryan Reynolds,2024,0.7901050904448002,0.8095438021994765,0.790875972
Jeff McNeil,2024,0.7393594210667381,0.7641095133618352,0.692289588
Francisco Alvarez,2024,0.727022067842179,0.7746431103066349,0.709614945
Ke'Bryan Hayes,2024,0.7121985262423285,0.7506135314094342,0.57323924
Logan O'Hoppe,2024,0.8205924839756387,0.7910314564670373,0.712448758
Patrick Bailey,2024,0.6540824017083281,0.6586334838248992,0.636691268
Lars Nootbaar,2024,0.7852509357003519,0.7955726581112658,0.758250824
Trevor Story,2024,0.7544091536792267,0.7115064340856939,0.733239662
Masyn Winn,2024,0.6756230003154432,0.6892197819346773,0.729553039
Spencer Torkelson,2024,0.8019139566395663,0.7891500230772417,0.669005847
Jeremy Pena,2024,0.68976417551233,0.7370975016262264,0.701261122
Ryan McMahon,2024,0.7475322182615849,0.7552993845005742,0.721864276
Coby Mayo,2024,0.7164230242119689,0.7372373611861103,0.293213148
Harrison Bader,2024,0.71291232688133,0.6993920663782442,0.656887188
Daulton Varsho,2024,0.7593692022263451,0.7458579620727488,0.700376157
Christian Walker,2024,0.78184252424374,0.8008012353478048,0.802785845
Jung Hoo Lee,2024,0.762120232708468,0.7844813961798353,0.641161064
Tyler O'Neill,2024,0.8258297917178884,0.7711892312273503,0.847101124
Max Kepler,2024,0.7677925523158187,0.7715574712828117,0.681942319
Christopher Morel,2024,0.7742706838833094,0.7804192726297847,0.633846765
Danny Jansen,2024,0.7998817693474183,0.7570154694755747,0.657562838
Jazz Chisholm Jr.,2024,0.763667000218534,0.7624525777169995,0.759614557
Justin Foscue,2024,0.7513892581470456,0.6939948147226231,0.162337661
Ty France,2024,0.7433674588048776,0.7634633650596675,0.670017364
Max Muncy,2024,0.7724476460650878,0.7861734661008186,0.85203266
Ezequiel Tovar,2024,0.7237426857269832,0.7194555282281606,0.763332188
Luis Arraez,2024,0.7869525823014194,0.8043711547214258,0.738733334
Elly De La Cruz,2024,0.7410099784834439,0.7514946019991975,0.8094905
Andrew Stevenson,2024,0.7244058752337991,0.7028059551906738,
Austin Hays,2024,0.7594821318511793,0.7423437288357693,0.698894286
Yainer Diaz,2024,0.7506995631995632,0.7997612057519583,0.765742926
Nolan Gorman,2024,0.7841269841269841,0.7930228427030753,0.671144278
Masataka Yoshida,2024,0.8133245263541633,0.8230810458791382,0.764512561
Jordan Lawlar,2024,0.7017807337481228,0.6710868584200991,
Ceddanne Rafaela,2024,0.7264633590632292,0.718383566106016,0.663871084
Nathaniel Lowe,2024,0.7946143575108452,0.7994200592670935,0.762296513
Jack Suwinski,2024,0.8131828743758343,0.7717590150655889,0.588379392
Richie Palacios,2024,0.7135176651305684,0.722215332384136,0.664213564
Mark Canha,2024,0.786064860079482,0.7588537296337592,0.690211823
Dominic Keegan,2024,0.65342887419892,0.5761473024802819,
Oswald Peraza,2024,0.6972528363738806,0.7069477862146347,0.772727272
Keibert Ruiz,2024,0.7500229904276219,0.7628979776021271,0.619270938
Josh Jung,2024,0.753163624540887,0.7535312599978778,0.719220654
CJ Abrams,2024,0.7065505970248815,0.732350194203681,0.74700822
Ryan Jeffers,2024,0.7390808039223025,0.7414638320734128,0.731607799
Spencer Steer,2024,0.7957866449779907,0.7704957596437008,0.721036584
Zack Gelof,2024,0.7014141048824594,0.7181053166221257,0.632393626
Jake Burger,2024,0.7915996188036057,0.7664559778181118,0.760331218
TJ Friedl,2024,0.7577114469893463,0.7584996221069052,0.690205893
Jorge Polanco,2024,0.7396674917106432,0.7438311923150978,0.651291333
Maikel Garcia,2024,0.6765438376884161,0.7178142731085607,0.613524395
Luis Urias,2024,0.7179007390594292,0.7109590883844477,0.696369314
Sam Huff,2024,0.7374513303049968,0.7195963101068887,0.25
Teoscar Hernandez,2024,0.7860636963202541,0.7730456146345189,0.840326622
Jake Alu,2024,0.7001503035658634,0.696334154931176,
Jordan Walker,2024,0.8046231729055259,0.7766319581614186,0.618662646
Sal Frelick,2024,0.7198173624288424,0.7357805939845533,0.654582699
Zach Neto,2024,0.7619627208234803,0.7362988104466922,0.76053018
Austin Meadows,2024,0.8006698564593302,0.7916082598215284,
Endy Rodriguez,2024,0.7091434878587197,0.7212826403551351,
Colt Keith,2024,0.7475451209942525,0.7530003969437143,0.689197478
Brayan Rocchio,2024,0.680943848165146,0.6915145823498379,0.613654164
Yoan Moncada,2024,0.7361625423695606,0.7300482642733548,0.755555555
Mitch Garver,2024,0.746257527960998,0.7680798639239101,0.626645966
Kevin Kiermaier,2024,0.6837072987337013,0.6877018997552313,0.549967589
Oneil Cruz,2024,0.7597147073290703,0.7859574826229463,0.773041328
Matt Wallner,2024,0.7634526746685918,0.7580934523286273,0.894374781
Tyler Black,2024,0.7308878443087466,0.7263424212813592,0.560687432
Nick Madrigal,2024,0.7009345794392523,0.7168016038672262,0.535383845
Jackson Chourio,2024,0.7136115975870791,0.7193745612821655,0.790938227
Christian Yelich,2024,0.769257050981443,0.7936156812531102,0.909454501
Alek Thomas,2024,0.7208494795228326,0.7332276545416901,0.602992775
Dylan Carlson,2024,0.7464754496840058,0.762822454869506,0.563388196
Triston Casas,2024,0.8455058271586551,0.8590135477918444,0.799712709
Mike Tauchman,2024,0.695160031225605,0.7143176012542648,0.722914669
Jorbit Vivas,2024,0.6834404831482563,0.6655017810983261,
Pete Crow-Armstrong,2024,0.6945111048371918,0.6987316961276926,0.670478253
Miguel Vargas,2024,0.7481329956490681,0.7371423083081952,0.5062267
Lourdes Gurriel Jr.,2024,0.7766755733689601,0.7762489684027811,0.756578505
Josh Naylor,2024,0.7980037788548426,0.8247052447325589,0.776103379
Taylor Ward,2024,0.7987290914076564,0.7933223920967594,0.748416288
Jake Meyers,2024,0.7073717113831727,0.6899086738138718,0.646361276
Michael Stefanic,2024,0.7064371250963805,0.7237964238321708,0.555358462
Travis d'Arnaud,2024,0.7414745708980571,0.7282547046114792,0.738534869
Alex Verdugo,2024,0.7455595572318483,0.7428833724987616,0.646784443
Estevan Florial,2024,0.702827383480876,0.6950303483225366,0.630983301
Shea Langeliers,2024,0.7077758913412564,0.706292131523224,0.738596981
Eugenio Suarez,2024,0.7220762976860537,0.7305472982459729,0.788102014
Josh Smith,2024,0.7162375685472627,0.7105033653072625,0.731169588
J.D. Davis,2024,0.7315270935960592,0.7252208054040872,0.631021799
Darell Hernaiz,2024,0.6583021625504719,0.655657419714698,0.502860695
Brendan Donovan,2024,0.7416040884438881,0.7826561568371867,0.759401029
Jace Jung,2024,0.6949778919258103,0.6838933494886694,0.665499595
Jonatan Clase,2024,0.6385667903525046,0.628644782172946,0.630899155
Wilmer Flores,2024,0.7826930037747557,0.7754015075867162,0.594616513
Xavier Edwards,2024,0.7066115702479339,0.7148192472724146,0.819992502
Kyle Teel,2024,0.6965019255455712,0.5613381705908194,
Kyle Schwarber,2024,0.8189599972058583,0.8353246596239374,0.85077273
Esteury Ruiz,2024,0.6842385770305696,0.6861214747556653,0.65165945
Jose Miranda,2024,0.7380067840413503,0.7376437843253973,0.763074829
Mike Yastrzemski,2024,0.748538545853124,0.7434359951249222,0.739241468
Ramon Urias,2024,0.7154377880184332,0.7020016902623076,0.745053253
Colton Cowser,2024,0.7077318144434528,0.7250670484412938,0.767749401
Brandon Marsh,2024,0.7188155136268344,0.7302958222325044,0.747081339
Wilyer Abreu,2024,0.7457653030025071,0.7586608762241062,0.780794267
Spencer Horwitz,2024,0.7269424446017605,0.7499339249140966,0.789882209
David Hamilton,2024,0.672914705586679,0.6635533256773578,0.697396939
Tyler Stephenson,2024,0.7400065281253401,0.7326932848164465,0.782065389
Eloy Jimenez,2024,0.8046688176124501,0.8192497971633599,0.625818033
Devin Mann,2024,0.7174307421603263,0.6680261064056141,
Thairo Estrada,2024,0.7119647705166848,0.7210075211690539,0.590125753
Marcell Ozuna,2024,0.7930473089446466,0.8057908581939001,0.924661679
Justin Turner,2024,0.7484701486141346,0.7404772480442741,0.73696862
Salvador Perez,2024,0.7532812681285532,0.7598888290592818,0.786193339
Jake Cave,2024,0.8037178970014791,0.750062752687366,0.686139901
Jose Caballero,2024,0.6943438665788897,0.6869212842306142,0.630272108
Brett Baty,2024,0.712125640408486,0.7382741306081375,0.632679737
Jake McCarthy,2024,0.7297827821997886,0.7184779593483732,0.749432079
Andrew Benintendi,2024,0.7456677586288754,0.728851991035563,0.685498445
Mark Vientos,2024,0.728013332588496,0.757985136795357,0.837324401
Ezequiel Duran,2024,0.7113029827315542,0.7344730769927184,0.60861482
Joey Ortiz,2024,0.6760048961541498,0.7300187970353385,0.726467429
Vinnie Pasquantino,2024,0.833240431066518,0.8490835593376014,0.760211893
Kenny Piper,2024,0.6537266629888796,0.6320568925830623,
Dairon Blanco,2024,0.7134518678160919,0.7108737944312875,0.699358973
Jonathan India,2024,0.7643777023571529,0.7694972715094037,0.749600389
Victor Scott II,2024,0.6438689129159333,0.671695558322834,0.502113458
Jonathan Aranda,2024,0.744191487301946,0.7623287680550991,0.737379807
Gary Sanchez,2024,0.7372275694213961,0.7116418871645575,0.698979591
Jose Siri,2024,0.6756033878876648,0.6891231571582399,0.620176145
Alec Bohm,2024,0.7362272617701051,0.7681233612061886,0.779336597
Jonah Bride,2024,0.7113995241185378,0.6954020312207698,0.817824543
Jarren Duran,2024,0.7375621692066279,0.7450166451316697,0.83376513
Jorge Barrosa,2024,0.6791187739463602,0.6574406100151164,0.470588235
Jud Fabian,2024,0.6427870292976703,0.6437417707049984,
Josh Donaldson,2024,0.7409758488138811,0.7180607348234175,
Kyle Isbel,2024,0.7172865935242173,0.708833874113675,0.654268839
Orlando Arcia,2024,0.7111587982832619,0.7280534109992522,0.625116638
Jeferson Quero,2024,0.6777976901632816,0.6715698619323438,
Andruw Monasterio,2024,0.6891545822443301,0.6807253991693054,0.574816901
Kolten Wong,2024,0.7266235948191593,0.7057097716440469,
Nick Allen,2024,0.6252491253982456,0.6507557407523679,0.463108954
Miles Mastrobuoni,2024,0.6905240887606166,0.7053424109656447,0.469772813
Henry Davis,2024,0.7470159929963914,0.7471288600501693,0.453205127
Brent Rooker,2024,0.7866812021262208,0.7430519308419671,0.927091908
Luis Rengifo,2024,0.728681248284067,0.7512695386758396,0.763495783
Austin Gauthier,2024,0.6836609837670282,0.6951116166844372,
Parker Meadows,2024,0.6672519754170325,0.6980918835062875,0.743097642
Amed Rosario,2024,0.6825976431394973,0.7131275486008164,0.685876453
Enmanuel Valdez,2024,0.7571861340488855,0.7434664948385923,0.633454349
Jesus Sanchez,2024,0.7647622933014024,0.7698545402274016,0.730610749
Ramon Laureano,2024,0.7161835748792271,0.7020814037550418,0.747742548
Connor Norby,2024,0.7043371553476243,0.7200016281871946,0.732016679
Nolan Schanuel,2024,0.7922430406852248,0.7727618284466163,0.705518649
Alex Call,2024,0.7060309935374226,0.7167116365953381,0.950031286
Chase Strumpf,2024,0.6621239201668156,0.6364127970628618,
Brice Turang,2024,0.6575783754727486,0.6911119782949,0.664798121
Geraldo Perdomo,2024,0.6793469815865123,0.6909220938493424,0.71771926
Tyler Gentry,2024,0.7153515568149714,0.7191604733754757,0
Yasmani Grandal,2024,0.6954945002161488,0.7081325771430595,0.704166666
Heston Kjerstad,2024,0.7131447600150735,0.7545359880934783,0.744816585
Abraham Toro,2024,0.6989013452914798,0.7085448222444242,0.642966046
Andrew Vaughn,2024,0.7797053406998158,0.7757913080609,0.699008019
Jacob Amaya,2024,0.672130786833304,0.6552622207133618,0.413398692
Brandon Crawford,2024,0.7017164889787006,0.6850400251014752,0.54419014
Jake Cronenworth,2024,0.7410716519364857,0.7372953765124959,0.713567637
Michael Brantley,2024,0.7699302018487078,0.7920665810671742,
Eddys Leonard,2024,0.6793538963828507,0.6742044098783966,
David Villar,2024,0.6905322397652927,0.6946284094597768,0.727413127
Myles Straw,2024,0.6289018710033947,0.6417864071336294,0.5
Jorge Mateo,2024,0.6550052687038989,0.665175836147335,0.668031957
Dalton Rushing,2024,0.7328175539819914,0.6043889035881478,
Nick Gonzales,2024,0.6990280538988293,0.6780518204841411,0.709209519
Davis Wendzel,2024,0.6950236709912905,0.6197128981404215,0.397307859
Matt Mervis,2024,0.7611456176673568,0.7594865352160076,0.301994301
Austin Wells,2024,0.7024610822831727,0.7150817954709932,0.717514123
Jake Rogers,2024,0.6656184486373166,0.683491641788257,0.606805781
LaMonte Wade Jr.,2024,0.7734948604992657,0.766892370181516,0.760664652
Brett Harris,2024,0.6537248322147651,0.6505508619657936,0.538558686
Curtis Mead,2024,0.7123513339762134,0.7282614653214329,0.569327993
Jose Trevino,2024,0.6318923871397635,0.6650731106904553,0.641620633
Rhys Hoskins,2024,0.7907990734125696,0.7974903212746121,0.721620861
Brooks Lee,2024,0.6775507830530527,0.6880714932114795,0.584632305
Gio Urshela,2024,0.7307692307692308,0.7314290207046663,0.647445167
Brandon Belt,2024,0.8025956284153005,0.7469658588202839,
Dylan Moore,2024,0.7232896959459459,0.6679171722655046,0.687302371
Cole Young,2024,0.6422029446326121,0.5886928837983094,
Max Stassi,2024,0.6608367764451041,0.634576742714704,
Nick Fortes,2024,0.688010849909584,0.6916183907563842,0.577328159
Christian Encarnacion-Strand,2024,0.8084959190518783,0.8266064404289486,0.512615643
Jean Segura,2024,0.673486996178972,0.70552708968713,
Blake Dunn,2024,0.7286553262163018,0.7405765572801446,0.549071617
Shay Whitcomb,2024,0.6488711515692487,0.599216843512461,0.597030752
Yunior Severino,2024,0.6801167676106292,0.6972740435545309,
Miguel Rojas,2024,0.6541937473314674,0.6774957059982598,0.747736884
Nick Loftin,2024,0.7074916696473954,0.7054051037848306,0.518839427
Adam Frazier,2024,0.706605890847092,0.7062869977707489,0.57568007
Sandro Fabian,2024,0.736948931922099,0.6801524903926242,0
Paul DeJong,2024,0.6675010744694444,0.6494180395172631,0.702899901
Jimmy Crooks,2024,0.6543308702791462,0.5762090304425245,
Ryan Mountcastle,2024,0.7581670914836478,0.7874544812310177,0.732639452
Pedro Pages,2024,0.6245062541145491,0.6366038586963396,0.657343613
Kyle Farmer,2024,0.6731254021950255,0.6905544475028257,0.646876801
Ivan Herrera,2024,0.6820414699017533,0.7532350062126165,0.800040621
Christian Bethancourt,2024,0.7055612103266401,0.6890516074464039,0.608285784
Ernie Clement,2024,0.7013147601382895,0.6927069319503291,0.692278545
Agustin Ramirez,2024,0.6795242973586922,0.6653610069757272,
Patrick Wisdom,2024,0.7550724637681159,0.7245714670934018,0.629399282
Dixon Machado,2024,0.6502579451029811,0.6313590552917565,
Dillon Dingler,2024,0.6388065941511869,0.6310125985268719,0.504926107
Tyler Fitzgerald,2024,0.6650127005663979,0.6339281753805179,0.831126136
Lane Thomas,2024,0.7593801156826367,0.7414370602380925,0.709135849
Omar Narvaez,2024,0.6889024315924188,0.6908284052363999,0.375791854
Eguy Rosario,2024,0.6848411182496961,0.6841296298337325,0.814016171
Alex Jackson,2024,0.7069908814589665,0.6732264531675152,0.438708772
Tyrone Taylor,2024,0.7147483073299971,0.7089967374036837,0.700672522
Brendan Rodgers,2024,0.7719756309834639,0.7687593790965253,0.721312022
Rafael Lantigua,2024,0.6825674802628103,0.6829200176829564,
Luis Garcia Jr.,2024,0.7161449590204404,0.7547414090255701,0.762181818
Christian Vazquez,2024,0.6331270317579395,0.6639335521570022,0.574917708
Andres Chaparro,2024,0.6994684237331297,0.6992945576729743,0.69352617
Ryan Kreidler,2024,0.6524295774647888,0.6487605568721035,0.369491525
Danny Mendick,2024,0.6603510985748218,0.6769105453363399,0.56103896
Drew Waters,2024,0.7222820868451936,0.7134669434776895,0.565789473
Michael Massey,2024,0.7190800088002347,0.72047167264301,0.74258049
Graham Pauley,2024,0.6984288679302872,0.7291443485563145,0.4375
Jasson Dominguez,2024,0.6848465620673743,0.6978465000406462,0.617004263
Rafael Ortega,2024,0.6846712609424473,0.6834991253871702,0.247899159
Jared Serna,2024,0.6537627625014503,0.5866399853467476,
Edmundo Sosa,2024,0.6900955014908604,0.6862162869625423,0.734186746
Elvis Andrus,2024,0.695929048820431,0.6791411917492596,
Javier Baez,2024,0.6567426669179071,0.684603928229238,0.515570934
Joey Gallo,2024,0.7309563731848524,0.7220390872590359,0.613245945
Nick Sogard,2024,0.6896964627424917,0.6734039427917313,0.650256719
Oliver Dunn,2024,0.6744556007700555,0.6587129908678007,0.597342871
Drake Baldwin,2024,0.6900582599272556,0.6710209364324708,
Trey Sweeney,2024,0.6465249582039646,0.6515175860032283,0.641634835
Samad Taylor,2024,0.6572925734570902,0.6818127326924148,0.8
Luis Matos,2024,0.7227289535313695,0.7269042360578696,0.583846153
Kevin Smith,2024,0.6715000092948897,0.657436081217432,0
Jonny DeLuca,2024,0.7243218617717964,0.7015168120570987,0.609103078
Jackson Merrill,2024,0.6759130550267829,0.7059351382187848,0.82597623
Akil Baddoo,2024,0.7219836072525488,0.7251767804031878,0.520882058
Nacho Alvarez Jr.,2024,0.6576628154711066,0.5884480425042498,0.25625
Ronny Mauricio,2024,0.6652591283863368,0.7149074117085753,
Alec Burleson,2024,0.743258547008547,0.7676392919908028,0.734664508
Thomas Saggese,2024,0.6742830366063193,0.7040924713709087,0.556122448
Jakson Reetz,2024,0.6880613301250664,0.6313927039810947,0.628571428
Kerry Carpenter,2024,0.7538097272662536,0.7645689322430957,0.931831109
Bobby Dalbec,2024,0.7294690122506391,0.7125789145904338,0.410162388
Alan Roden,2024,0.691138555148765,0.7313258139660874,
Brett Wisely,2024,0.6819730474599075,0.641807502235263,0.623015872
Jorge Soler,2024,0.7670445708672697,0.7999103218843517,0.780194171
Jakob Marsee,2024,0.6614857069606461,0.6909902008603191,
Charles Leblanc,2024,0.7016850974196946,0.6706815225024341,0.869047618
Austin Shenton,2024,0.7031317031317031,0.7097519534810373,0.744761904
Luke Raley,2024,0.7304175556232856,0.725757200150424,0.782959587
Will Benson,2024,0.756465784605095,0.7449917819136993,0.649995102
Connor Joe,2024,0.7476882262967829,0.7318418078090827,0.687843406
Kyle Manzardo,2024,0.7696323266271453,0.7643154868808351,0.702740937
Jared Triolo,2024,0.6688956433637285,0.6941848303336202,0.610684937
Mason McCoy,2024,0.6035460992907802,0.5627433577663629,0.522675736
Drew Millas,2024,0.6631944444444444,0.6688220048000778,0.622241085
James Wood,2024,0.7075225614551457,0.6970028797005028,0.78128531
Addison Barger,2024,0.7069508448540707,0.7100506998795086,0.600961538
Luis Campusano,2024,0.717829060315473,0.7554034592576016,0.641947284
Jonathan Schoop,2024,0.6767374497890637,0.6815224025041341,
Drew Ellis,2024,0.7047219194488179,0.687924137171933,
Zach McKinstry,2024,0.7034567901234567,0.6915855555842956,0.613623412
Jake Thompson,2024,0.7395150024295432,0.7023891246284939,
Gavin Lux,2024,0.7036220793796552,0.7567264622781338,0.703016469
Trenton Brooks,2024,0.7262952675996155,0.6830847013269341,0.36137931
Freddy Fermin,2024,0.7207235321312991,0.7321989551465751,0.684582799
Kramer Robertson,2024,0.6008017586964955,0.6092258144002767,
Taylor Trammell,2024,0.6772797316896302,0.6627381665210534,0.392857142
Andy Ibanez,2024,0.7244310857999954,0.7267793652190806,0.652224824
Jason Vosler,2024,0.6582645440251573,0.649173738686267,0.519047618
David Fletcher,2024,0.6605736065815786,0.6730623012739857,0.472222222
Junior Caminero,2024,0.7023156516860936,0.7828718273121404,0.723677452
Cade Marlowe,2024,0.6506242740998838,0.6320828575373487,0.583333333
Brian O'Keefe,2024,0.6836924347766229,0.62498160523547,
Victor Robles,2024,0.6877865315333149,0.6903736214519328,0.813693703
Kameron Misner,2024,0.6159576845712583,0.629401809552723,0.133333332
Josh Harrison,2024,0.6948377221970988,0.6682690407179174,
Blake Perkins,2024,0.6627140410958905,0.6658131582355229,0.647260891
Josh Rojas,2024,0.6423362740954348,0.6752738660105682,0.640932636
Michael A. Taylor,2024,0.6582079616562375,0.6820394349907377,0.543341203
Andy Pages,2024,0.7152830991911452,0.7271606663599228,0.712377754
Chase Meidroth,2024,0.6780061834287985,0.6881768529790341,
Starling Marte,2024,0.7146874324032014,0.7230504466055535,0.715035177
Noelvi Marte,2024,0.7349122651542006,0.7642830767852185,0.549243927
Tom Murphy,2024,0.7572407535636685,0.7273010547111941,0.445820432
Carson Williams,2024,0.639623680089312,0.5808419094031245,
Yan Gomes,2024,0.6843299711815563,0.6971538501990997,0.420705609
Matthew Batten,2024,0.6160682327675526,0.6073876464761938,1.333333333
Domingo Leyba,2024,0.6911042130075362,0.6691571791961012,
Ronaldo Hernandez,2024,0.6983043837882548,0.6793988516776881,
Yonathan Perlaza,2024,0.7153846153846154,0.731171600358677,
Max Schuemann,2024,0.6423499426532433,0.6050730458586469,0.618653495
Tyler Freeman,2024,0.6738145490361616,0.7370452992022234,0.626475278
Cavan Biggio,2024,0.6997757073844031,0.6991082925781901,0.616827852
Yohel Pozo,2024,0.6969994058229352,0.7008861646400526,
Jason Heyward,2024,0.7251414478456405,0.7330930753494644,0.700218444
Nicky Lopez,2024,0.6203844241488499,0.6427342127515501,0.606042741
Eddy Alvarez,2024,0.7537403474903475,0.6983933878862476,0.181818181
Josh Lester,2024,0.6954858522384351,0.6714634245165239,
Manuel Margot,2024,0.7214056138847225,0.722485268891909,0.62598162
Will Brennan,2024,0.6949803395536618,0.7182903993667515,0.696660656
Cayden Wallace,2024,0.6697217219792471,0.6592031825258381,
Taylor Walls,2024,0.6362222976028946,0.6584551838747161,0.529452453
Romy Gonzalez,2024,0.7061907197321926,0.6732710849140124,0.722640982
Nathan Lukes,2024,0.7026652221018419,0.702570208889665,0.818154937
Kyle Stowers,2024,0.7285323297981525,0.7272019178412525,0.601275916
Josh Bell,2024,0.77002177843524,0.7864448629464552,0.724602453
Samuel Basallo,2024,0.6703105925673918,0.6534256188645631,
Jose Barrero,2024,0.6601464276697804,0.6314487882100523,
Joe Rizzo,2024,0.6713678385855996,0.66777212212517,
Luke Waddell,2024,0.6677103718199608,0.6688202065103461,
Jesus Bastidas,2024,0.6521881687029751,0.6431830489638153,
Chris Taylor,2024,0.7163700536886061,0.6950912148120121,0.598428666
Garrett Mitchell,2024,0.708047727849708,0.6933418634275066,0.811730097
Peyton Burdick,2024,0.6590519090519091,0.662002790811056,
Caleb Durbin,2024,0.6743182743182743,0.6770182941720397,
Edgar Quero,2024,0.6603352378069545,0.6599439941825274,
Taylor Young,2024,0.6050600436920194,0.5541608165814451,
Carson Kelly,2024,0.6632263744864019,0.686252835432102,0.686764521
Jamie Westbrook,2024,0.7412913988672674,0.7217376238215674,0.584042553
Emmanuel Rodriguez,2024,0.6698895711597505,0.6025438016242224,
Roman Anthony,2024,0.675955300913869,0.6870321510601192,
Juan Brito,2024,0.6728267168936539,0.6788345808803508,
Trey Cabbage,2024,0.7197106690777577,0.671214230911666,0.589956554
Ali Sanchez,2024,0.6556382512977672,0.65050094898577,0.401587301
Kody Clemens,2024,0.7195587135377711,0.7138163871635128,0.705701754
Dalton Guthrie,2024,0.7018285319993101,0.6809727876831444,
Brandon Drury,2024,0.7301942694775271,0.747304811047276,0.469358973
Michael Conforto,2024,0.7419829155580451,0.7530551989423446,0.759197918
Connor Wong,2024,0.7126809279715813,0.6846569995527811,0.758389261
Harry Ford,2024,0.6324009324009324,0.5981869609459007,
Jake Mangum,2024,0.6558868762816131,0.6523612010019166,
C.J. Cron,2024,0.7819352469406371,0.7226873976444358,
Jake Fraley,2024,0.7655994550408719,0.7789892646004104,0.715557216
Rob Refsnyder,2024,0.7631236795059321,0.7421872650136463,0.830065359
Ryan O'Hearn,2024,0.7625497198269604,0.7514212631451205,0.760644665
Ildemaro Vargas,2024,0.6527795733678087,0.6996327606791422,0.611478483
Andrew Cossetti,2024,0.6193719593100397,0.5976294386680188,
Mike Zunino,2024,0.6901152780896773,0.6346028375812447,
Forrest Wall,2024,0.6542606516290728,0.6524832970791454,0.564285714
David Hensley,2024,0.6639466249621633,0.6380572546944976,0.581564986
Cody Thomas,2024,0.6805765738498789,0.6657322776315874,
Travis Blankenhorn,2024,0.7102186246021862,0.7214525878658008,0.317540322
Jake Scheiner,2024,0.6904351980756716,0.649671309222537,
Dominic Fletcher,2024,0.6606814018805716,0.6802626645062595,0.507706221
Wynton Bernard,2024,0.6301067018343125,0.6626458322257838,
DaShawn Keirsey Jr.,2024,0.6355046893862011,0.6423913955981665,0.598901098
Noah Cardenas,2024,0.6171871353218503,0.5782774249708122,
Derek Hill,2024,0.6822258348574137,0.6730934075871655,0.690341321
Tim Anderson,2024,0.6871746981552951,0.7097548342031125,0.463010248
Riley Unroe,2024,0.6234093187331176,0.6212967326052937,
Angel Martinez,2024,0.6379833052368264,0.6392575015865164,0.635367391
Tsung-Che Cheng,2024,0.6653516118021543,0.6518690734669705,
Ryan Noda,2024,0.7119638635596082,0.7219495119665895,0.465071769
Leo Jimenez,2024,0.6592261904761905,0.645842664764357,0.686113327
Luisangel Acuna,2024,0.6126038019531821,0.6350912708676384,0.966025641
Santiago Espinal,2024,0.7077789815817985,0.7205584346476707,0.650315939
Joey Loperfido,2024,0.6756711951068415,0.6760158457672273,0.614162054
Anthony Rizzo,2024,0.7467797502797832,0.7695834246279334,0.636644905
Adam Duvall,2024,0.7406415181537218,0.6939380036949794,0.568886888
Dominic Canzone,2024,0.7230032474205615,0.7426022225067879,0.652228975
Jacob Stallings,2024,0.6708041140719962,0.6909582027961492,0.809817754
Anthony Rendon,2024,0.7746564356006416,0.7745332860985601,0.57371298
David Fry,2024,0.7033917340521114,0.6995175081184747,0.80417145
Emmanuel Rivera,2024,0.7097403366214473,0.7193937268193609,0.655688584
Damiano Palmegiani,2024,0.6737234878240377,0.6698447018468201,
Ryan Bliss,2024,0.6139501524116908,0.6516181813369428,0.686680468
Otto Lopez,2024,0.6681560226072627,0.6791730296875955,0.690396273
Dominic Smith,2024,0.7398990334085701,0.7264263985573487,0.690885401
Coco Montes,2024,0.7177356595958329,0.6971523406098341,
Daz Cameron,2024,0.6527181361352216,0.6489506353808562,0.58747628
Gabriel Arias,2024,0.6628418304246255,0.7084996683688412,0.607599561
Mitch Haniger,2024,0.7178714859437751,0.7270449421104173,0.620262535
Seth Brown,2024,0.7341104065647146,0.7341161143416004,0.661532258
Austin Slater,2024,0.7158007935625024,0.7264779265323822,0.586291439
Luis Vazquez,2024,0.6355867346938775,0.6370573047509898,0.226190475
Johan Rojas,2024,0.6318336129863036,0.6801228688900371,0.601358446
Justyn-Henry Malloy,2024,0.7120544389539726,0.7410360526706606,0.65764098
Daniel Schneemann,2024,0.6283588692776976,0.6186694905428781,0.671043067
Bryan De La Cruz,2024,0.7435764531654943,0.7415338066502135,0.654093043
Weston Wilson,2024,0.696221507613733,0.6849713864156756,0.835575138
Jonathan Ornelas,2024,0.6158836383501776,0.6074757522827028,0.526680526
Josh Zamora,2024,0.6379913190258018,0.6203323735154797,
Rene Pinto,2024,0.662178909418657,0.6752426410903787,0.720238094
Hunter Renfroe,2024,0.7471060147849462,0.7651118868233193,0.689377603
Austin Nola,2024,0.7055096856144807,0.6827021281801744,
Zach DeLoach,2024,0.6827180534464401,0.6566167313264035,0.621691541
Brandon Lockridge,2024,0.6344507592225181,0.6452711008354605,0.583333332
Orelvis Martinez,2024,0.7020463746779536,0.6754870252268895,0.666666666
Bryan Ramos,2024,0.6754982646345286,0.6753195473645002,0.585669781
Donovan Walton,2024,0.6840860794349166,0.647083435473429,0.512727272
Jimmy Herron,2024,0.7221869040050859,0.7227283483807698,
Chase Pinder,2024,0.6361512027491409,0.6549022508478561,
Joc Pederson,2024,0.7841398984278057,0.8035595685835202,0.907762899
Alejo Lopez,2024,0.6728357096263162,0.6904710503161704,
Jon Berti,2024,0.6719472484532726,0.6879456787521168,0.660647571
Cooper Hummel,2024,0.7088138862102218,0.6513403350465671,0
Sean Bouchard,2024,0.7989213703499418,0.7920061551807192,0.586422922
Willi Castro,2024,0.6914914914914915,0.7013153167035975,0.716534942
Edward Olivares,2024,0.7580762615038859,0.7472191536244812,0.624149659
Carlos Perez,2024,0.6616577540106952,0.6769224082998153,
Victor Caratini,2024,0.6462823275862069,0.7181296396722574,0.743929688
Brenton Doyle,2024,0.6636750052902265,0.6595827344727234,0.763689789
Reese McGuire,2024,0.6729096989966555,0.6525094869067705,0.575218805
Brett Sullivan,2024,0.6698939078365009,0.6538883709202498,0.610294117
Logan Porter,2024,0.6615933086521322,0.6676161177785108,
Joey Meneses,2024,0.7341954108686186,0.752062791876173,0.593225927
Roberto Perez,2024,0.6506572042580838,0.6366244088117323,
Anthony Prato,2024,0.6719516181758745,0.6579984195016613,
Eliezer Alfonzo,2024,0.6620729317542813,0.5956862898775361,
Braxton Fulford,2024,0.6836044481205772,0.695043712929341,
Jair Camargo,2024,0.6407433584168295,0.6356298236748572,0.142857142
Adael Amador,2024,0.7552970177970177,0.7427220213081205,0.394444444
Ryan Ritter,2024,0.7032015065913371,0.631949357228089,
Maverick Handley,2024,0.6098039215686275,0.6094222851611208,
Marcelo Mayer,2024,0.7036157974640238,0.6593566547534371,
David Bote,2024,0.6617138796472755,0.6463151970225929,0.72463768
Matt Koperniak,2024,0.6829156067959058,0.684895008488617,
Kevin Alcantara,2024,0.6540132476134815,0.6102337312117307,0.2
Colson Montgomery,2024,0.6947227410803569,0.6738160142392935,
Jahmai Jones,2024,0.6742178025709435,0.6561268111813192,0.685300206
Esteban Quiroz,2024,0.6716291554821392,0.6616920224724816,
Oswaldo Cabrera,2024,0.6779189352692074,0.6910187124694891,0.66084479
Logan Driscoll,2024,0.6124854857437749,0.6024753900090136,0.446332046
Vinny Capra,2024,0.6875689223057644,0.6867881597876466,0.333333333
Kyle Higashioka,2024,0.6395871653382383,0.6794267596452808,0.738968534
Manny Pina,2024,0.6856409581468808,0.6833660086625468,
Vidal Brujan,2024,0.6840630345379772,0.674026547126415,0.621797484
Alex De Goti,2024,0.6282473546309955,0.610497449600931,
Mat Nelson,2024,0.632748538011696,0.6275165131986039,
Blaine Crim,2024,0.7384624228720347,0.6877710695138703,
Andrew Navigato,2024,0.6561766915564006,0.6508152588034608,
Tyler Heineman,2024,0.6668721522380059,0.6549360573010118,0.395833333
Bligh Madris,2024,0.672754831375521,0.6361003199882572,0.682533279
Cristian Pache,2024,0.6491848991848992,0.6687196982782588,0.552011921
Austin Allen,2024,0.6722085889570553,0.6608228374183907,
Michael Gigliotti,2024,0.6384271983015604,0.6031149490602017,
Kyren Paris,2024,0.631664998331665,0.6326060217446503,0.439824205
Mitchell Tolman,2024,0.646450414678664,0.6440667529285056,
Nate Eaton,2024,0.6327687767123455,0.6479260378135046,
Jesus Rodriguez,2024,0.6491279293969876,0.5883481116396165,
Denzel Clarke,2024,0.6373062617772121,0.6418848840249871,
Carlos Perez,2024,0.6567311650885138,0.6769224082998153,
Joe Hudson,2024,0.6284153005464481,0.6067701683896929,0
Jack Brannigan,2024,0.626717498656705,0.5789180082339589,
Jake Slaughter,2024,0.6490493375781883,0.6568044777246922,
Greg Allen,2024,0.6561267277527566,0.6463528917317953,
Owen Miller,2024,0.6707098815954602,0.6797325976479304,0.407407407
Jordan Luplow,2024,0.7207006115546243,0.7246826916200619,
Luke Maile,2024,0.7173885495602808,0.6705503481762203,0.519825707
Carlos Santana,2024,0.7073468070103899,0.7330186279212603,0.748628317
Jett Williams,2024,0.658688072778675,0.5672030963658892,
Chris Rotondo,2024,0.6271568041442519,0.5549228350907371,
Giancarlo Stanton,2024,0.7670220326936745,0.7833358002375622,0.773295088
Taylor Motter,2024,0.6656922668083975,0.6769926731240121,
Cesar Salazar,2024,0.6309064166207023,0.6024874056230798,0.787096774
Armando Alvarez,2024,0.7024065723850517,0.6617648531888121,0.552321552
Rafael Marchan,2024,0.6381542007742546,0.6601196461113826,0.894474152
Keston Hiura,2024,0.744344954232921,0.7668886807996396,0.296296296
Payton Henry,2024,0.6345514950166113,0.6415156357640099,
Stuart Fairchild,2024,0.7265419467991816,0.6914842887171377,0.654135337
Buddy Kennedy,2024,0.6657709645683744,0.6638098627394453,0.688644687
Miguel Andujar,2024,0.7069805654711315,0.7402085560922302,0.697232659
Whit Merrifield,2024,0.6675472122302158,0.6795184061164572,0.625171421
Hoy Park,2024,0.6493090849152496,0.6429223161226985,
oscar Mercado,2024,0.6649041639127562,0.6653614268545793,
Hudson Haskin,2024,0.6593482252141982,0.6633950342558703,
Francisco Mejia,2024,0.6871956009426552,0.679232093337569,
Sam Haggerty,2024,0.671506177587616,0.6845112189847367,0.191666666
Lenyn Sosa,2024,0.6573841222879684,0.6938762394270523,0.642353104
Bryce Johnson,2024,0.6432750819160555,0.6218440835822527,0.523809523
Daniel Vogelbach,2024,0.7595356256646579,0.7631352556719113,0.578481012
Ivan Melendez,2024,0.6575134310328385,0.6718177266283976,
Enrique Hernandez,2024,0.6700659097421912,0.6972968421739412,0.65354042
Kevin Padlo,2024,0.6722434428316781,0.6622977734204925,
David Peralta,2024,0.7105000970434108,0.7257282699104914,0.749869621
Drew Avans,2024,0.6440659368485022,0.6155700728319301,
Alexander Canario,2024,0.6872231171969392,0.7082038049513846,0.797142857
Matt Vierling,2024,0.704133611691023,0.7166342614242339,0.734949234
Dustin Harris,2024,0.6996152173734689,0.6884872232825099,1.428571428
Preston Tucker,2024,0.7116038785566683,0.6933100743911964,
Joshua Palacios,2024,0.7167500431257547,0.7469024632409733,0.676616915
Adalberto Mondesi,2024,0.6774869109947644,0.6500907467135507,
Ben Rortvedt,2024,0.6271367521367521,0.6479479085395636,0.620521445
Jeremiah Jackson,2024,0.6236170609051965,0.6155893847432905,
Otto Kemp,2024,0.5877981258307975,0.5123350541845881,
Jarred Kelenic,2024,0.7250634294497842,0.7544379318090157,0.678918168
Yonny Hernandez,2024,0.6190394238661336,0.5882198140850566,
Seth Stephenson,2024,0.59681161948794,0.5470527442885613,
Wenceel Perez,2024,0.6677790755881863,0.682197232399856,0.683269825
Miguel Amaya,2024,0.6836920200148899,0.6997083638169173,0.644416814
Joey Bart,2024,0.6482906747807411,0.6178540839239459,0.799330024
James McCann,2024,0.6451337469148155,0.6645392801009911,0.666820424
Robbie Grossman,2024,0.7043361813271947,0.6935530177945339,0.615718209
Jacob Melton,2024,0.6290037215545117,0.697952323615397,
Yolmer Sanchez,2024,0.5981121206566993,0.6080616031341979,
Tyler Tolbert,2024,0.6149675296346616,0.603590373721612,
Nick Ahmed,2024,0.6180175246440307,0.6344624749867014,0.561904761
Michael Helman,2024,0.6695690142292083,0.6467171797996174,0.8
Chris Roller,2024,0.6507546917785347,0.6294278850852624,0
Jantzen Witte,2024,0.6263429682784522,0.6105593493627219,
Ripken Reyes,2024,0.633887987012987,0.6119452291378711,
Troy Johnston,2024,0.714620883717393,0.713264228666947,
Jo Adell,2024,0.7384891456582634,0.7061354059121365,0.682469135
Nick Yorke,2024,0.6427625272331154,0.6619252419509113,0.664092663
Wade Meckler,2024,0.7053113822646797,0.6970210761029476,
Cam Eden,2024,0.5889982279530973,0.6005850855746221,
Grae Kessinger,2024,0.6264235454819803,0.6049842485917898,0.16
Trayce Thompson,2024,0.6779217379924094,0.6689178188955718,
Darick Hall,2024,0.7342995169082126,0.7513229207825716,
BJ Murray Jr.,2024,0.6548762755718384,0.6877740126696328,
Mike Brosseau,2024,0.7180794223826715,0.6752970621439376,
Isaac Collins,2024,0.6665941713788603,0.6581694137814994,0.328173373
Juniel Querecuto,2024,0.6257713022633169,0.6268861311267894,
Austin Hedges,2024,0.5402440192915775,0.5847686133210425,0.422494171
Cal Stevenson,2024,0.6534932366476085,0.666103226115663,0.708333333
Donovan Solano,2024,0.705970532453227,0.7237213081232885,0.760003201
Cade Hunter,2024,0.6179153403962183,0.5480270648156265,
Brock Wilken,2024,0.6593215205209753,0.5642530556314829,
Cam Devanney,2024,0.6728962862465839,0.6621602153857838,
Max Wagner,2024,0.6137866326545571,0.6275702429958285,
Jimmy Glowenke,2024,0.6473692751659857,0.6311856464401666,
Ricardo Genoves,2024,0.5933954693028854,0.5724925497051905,
Isiah Kiner-Falefa,2024,0.6366198519643196,0.6743239838325245,0.682632118
Cesar Hernandez,2024,0.6351879115037009,0.6365833197983236,
JJ Bleday,2024,0.6868388528275446,0.7075178922974081,0.761555916
C.J. Hinojosa,2024,0.6474713916574382,0.6381652971904357,
Evan Longoria,2024,0.7091145585482694,0.7036115144946171,
Cooper Bowman,2024,0.6009923785328676,0.6089750056173873,
Mickey Moniak,2024,0.7090897522904649,0.6909702479327376,0.645652279
Mark Contreras,2024,0.6765429761453995,0.6525105358837051,
Morgan McCullough,2024,0.5649483047942117,0.5796038037216498,
Tanner Morris,2024,0.6479519041195393,0.6605038873868996,
Mauricio Dubon,2024,0.6822962222499895,0.7059388043314322,0.657167105
Lewin Diaz,2024,0.7086773700305811,0.7181892689621057,
Ryan Vilade,2024,0.6314694710730988,0.6374560900300461,0.452777777
Tristan Gray,2024,0.655179421669957,0.6374506321990607,0.336405529
Ismael Munguia,2024,0.6757641270314596,0.6718875760598331,
Clint Coulter,2024,0.7030360531309299,0.658790291714464,
Geisel Cepeda,2024,0.6254276943932116,0.5894966215958019,
Wyatt Young,2024,0.5873297225079421,0.5997221697031623,
Eric Haase,2024,0.6723372781065089,0.6537929145837448,0.819499341
Rhylan Thomas,2024,0.6449579831932774,0.7238002114878122,
Devonte Brown,2024,0.6459398365501652,0.6552464587859195,
Dru Baker,2024,0.6369004130198159,0.683281087177946,
Tres Gonzalez,2024,0.6293093786908281,0.6128088247906213,
Austin Barnes,2024,0.6129923071865343,0.6588881453952559,0.638311688
Nelson Velazquez,2024,0.726974828778436,0.7470530182044537,0.639766701
Rougned Odor,2024,0.6830258170635772,0.6906202632530587,
Harold Ramirez,2024,0.7253623569413044,0.7575022956736901,0.604017215
Jon Singleton,2024,0.7107425299105843,0.7124305488221905,0.706903146
Rodolfo Duran,2024,0.6807961226759892,0.6451223642447339,
Bubba Thompson,2024,0.6649366758062409,0.6399532937792928,0.277777777
Josh VanMeter,2024,0.6579311025565098,0.6676701474435076,
Taylor Jones,2024,0.6881377180865265,0.6689030479280401,
Travis Jankowski,2024,0.64126343116752,0.6866600223564026,0.507805746
Kris Bryant,2024,0.8001844709039074,0.7938569917972809,0.623332524
Lawrence Butler,2024,0.6540820331665195,0.6903781655861428,0.807364432
Mickey Gasper,2024,0.7458818802732021,0.6860650132188353,0.217391304
Garrett Hampson,2024,0.6678544433646474,0.6515254967863299,0.575578653
Simon Muzziotti,2024,0.640706962327134,0.6833802458623333,
David Martin,2024,0.6483873217066576,0.5747105489347272,
Marcus Wilson,2024,0.6732448630136987,0.6561701029479523,
Ryan Fitzgerald,2024,0.6578172827878502,0.6448459113771965,
Pedro Leon,2024,0.619507053309112,0.6042252022715942,0.242857142
Corey Julks,2024,0.7092046061160681,0.6918439259895077,0.581490656
Jamie Ritchie,2024,0.6277475297438999,0.644710087915999,
Mike Antico,2024,0.6242896257986006,0.6353628215711136,
Yasiel Puig,2024,0.7047811386689056,0.6729880057372735,
Ryan McKenna,2024,0.6405025868440503,0.6575811729701854,0.909523808
Leo Rivas,2024,0.5923563218390804,0.591559494965973,0.607305935
Darin Ruf,2024,0.7421718049031011,0.6961456627517895,
Joe Dunand,2024,0.6820232282824844,0.6199034584938357,
Franchy Cordero,2024,0.7208415086112928,0.7157144370433922,
Noah Mendlinger,2024,0.6667198298777246,0.6873676639066312,
Matt Thaiss,2024,0.6725067385444744,0.6918584970863737,0.621943702
Dane Myers,2024,0.700519425929262,0.7081329552189175,0.775438596
Tyler Nevin,2024,0.7044762968351383,0.7176557695093329,0.618382028
Blaze Alexander,2024,0.6396964309080133,0.6305488295428949,0.664025666
Matt Rudick,2024,0.6739573835005039,0.6800525615775148,
Jordan Groshans,2024,0.6159469026548672,0.6594824925339894,
Greg Cullen,2024,0.6368784122768186,0.6577631435102351,
Mark Mathias,2024,0.6964225365712354,0.6721690941418821,
Luis Torrens,2024,0.6700051692943914,0.6622313101602479,0.665189047
Pavin Smith,2024,0.7186343008736042,0.7251426151294561,0.89554652
Braden Shewmake,2024,0.6280270386998925,0.6352886647852678,0.337453358
Osleivis Basabe,2024,0.6337800943162075,0.6878624374087945,
Jack Larsen,2024,0.6632962386821427,0.654143769171681,
Corey Joyce,2024,0.6241778247592201,0.6257816188707861,
P.J. Higgins,2024,0.6665120593692022,0.6731547035905443,
Edwin Arroyo,2024,0.6656922349556844,0.6021198142821684,
Eric Brown Jr.,2024,0.6250187265917603,0.5470957598839146,
Brian Navarreto,2024,0.614871654334521,0.6079099174527137,
Zack Short,2024,0.615018801150188,0.6279288609296647,0.453781512
Nick Castellanos,2024,0.7513368983957219,0.7518516762303913,0.741770458
Pablo Reyes,2024,0.7197706508051336,0.7157499426524372,0.451041666
Javier Vaz,2024,0.6968318584070796,0.6892029837069031,
Luis Liberato,2024,0.680422909547592,0.6451496584655265,
Trevor Larnach,2024,0.7026125215780388,0.7138288468901912,0.771302816
Stephen Scott,2024,0.6877430037106573,0.6749991900669721,
Brandon Valenzuela,2024,0.5917817611911058,0.6029507989469011,
Eduardo Escobar,2024,0.6858974358974359,0.6795341618023009,
Robbie Tenerowicz,2024,0.6671099290780143,0.6420042626897664,
Marco Luciano,2024,0.6507345603484931,0.6542501223990412,0.561890837
Aaron Hicks,2024,0.6951442503047541,0.705172675012713,0.415204678
Matt Carpenter,2024,0.7363945578231292,0.6931767725131647,0.686365337
Brett Phillips,2024,0.6126350024545901,0.5838840700795984,
Elih Marrero,2024,0.6104274771435632,0.6065493117051524,
Arquimedes Gamboa,2024,0.5859538784067087,0.6006610701703776,
Alex Kirilloff,2024,0.7243349604571083,0.766716504323065,0.653310719
Rangel Ravelo,2024,0.7077004652435688,0.7030439847046246,
Carlos Narvaez,2024,0.6065025272594335,0.6204305684433629,0.564102563
Andrew McCutchen,2024,0.718738400148478,0.741746336188095,0.738869624
Jacob Hurtubise,2024,0.6808855729462331,0.7075099406431974,0.53761574
Donny Sands,2024,0.6360915492957746,0.6425481893680646,
Mike Ford,2024,0.780835710689713,0.7177396345378041,0.410752687
Isan Diaz,2024,0.6923801203649776,0.6596425351765808,
Jacob Burke,2024,0.6260476190476191,0.570307551202688,
Cesar Prieto,2024,0.6506418980221376,0.68428160168223,
Erick Mejia,2024,0.6368523949169111,0.6322579296700424,
Will Wagner,2024,0.6529487179487179,0.6768433290894573,0.788428814
Justin Dirden,2024,0.670468398496902,0.6413663081385477,
Diego Castillo,2024,0.6619644265311486,0.6585161875453576,1
Alan Trejo,2024,0.7105962933118453,0.6944154500198801,0.324675323
Tommy Pham,2024,0.716430754621799,0.7362511536142347,0.673621148
Lorenzo Cedrola,2024,0.6426368341261959,0.6641630816518237,
Jake Holton,2024,0.6891750304876303,0.6837596032238736,
J.J. Matijevic,2024,0.6933277744816637,0.6559746357457648,
Jake Marisnick,2024,0.6410235073850634,0.6470410373625317,
Elier Hernandez,2024,0.6782328121121867,0.639805602110155,
J.P. Martinez,2024,0.6444614466141532,0.6400113498167039,0.5
Daniel Johnson,2024,0.6788759030598972,0.6649549829309909,0
Danny Serretti,2024,0.6225845410628019,0.6312581440048681,
Luis De Los Santos,2024,0.6022002724795641,0.5965536694036537,0.467185761
Liam Hicks,2024,0.6479866033180154,0.6714928856562039,
Heliot Ramos,2024,0.6762360966284324,0.6795363123218432,0.791867506
John Valente,2024,0.690883190883191,,
Kevin Pillar,2024,0.6985518390362682,0.6806932351492176,0.667495387
Ernie Yake,2024,0.6344086021505376,0.6275339064071942,
Liover Peguero,2024,0.6401726127753524,0.6889463097932798,0.5
Chuckie Robinson,2024,0.6235897435897435,0.6349560909178135,0.325939849
Ben Rice,2024,0.7464187131163145,0.7277706789732336,0.612729153
George Valera,2024,0.6938707427288995,0.693450912120704,
Drew Maggi,2024,0.6148200093501637,0.5831550065178912,
Skye Bolt,2024,0.6474028484887542,0.6657968474374723,
Christian Arroyo,2024,0.6664125348335874,0.6711530317143592,
Moises Ballesteros,2024,0.6932967631497043,0.6095558952240854,
Aaron Palensky,2024,0.7037634408602151,0.6820082653960102,
Abrahan Gutierrez,2024,0.6417445482866043,0.6474439668804643,
Ray-Patrick Didder,2024,0.6049101328470956,0.5806817669660893,
Jose Herrera,2024,0.6134246423422425,0.3659886161663448,0.609307254
Jeffry Parra,2024,0.6132558627092755,0.5254877344073455,
Nick Raposo,2024,0.6522248243559718,0.6335427192149681,
Carter Kieboom,2024,0.6584416756951968,0.6846361032827823,
Michael Turconi,2024,0.6518612952575217,0.6359525197960445,
Shawn Ross,2024,0.555022890213354,0.5129725755658616,
Conner Capel,2024,0.6703448709484737,0.6729048468689081,0.5
Meibrys Viloria,2024,0.6220238095238095,0.6285692961855538,
Luis Santana,2024,0.6264616355469765,0.6460579779735444,
Michael Turner,2024,0.6427250211618647,0.5907086296128433,
Tim Locastro,2024,0.6617474425624685,0.6182684124597637,
Tanner Murray,2024,0.6657800031294008,0.6482886231684504,
Nick Podkul,2024,0.6853987110800528,0.6650845501478545,
Alika Williams,2024,0.6413826561552456,0.6468369825361815,0.540608815
Nick Ward,2024,0.614812088720929,0.6138471101911935,
Connor Hollis,2024,0.638417060899602,0.6420327920761422,
Zach Remillard,2024,0.6052692307692308,0.617072068706062,0.675438596
Luis Guillorme,2024,0.6675871262616644,0.6967507890334865,0.574367193
Vaun Brown,2024,0.6771588661832564,0.6532765569913088,
Rylan Bannon,2024,0.6348119678650546,0.6093196966817502,
Willie MacIver,2024,0.6243814484623861,0.6283453733490063,
Christian Koss,2024,0.6383379672536299,0.622861119378815,
Kellen Strahm,2024,0.6150833429192755,0.6301739944605868,
Clay Dungan,2024,0.6065296932169997,0.6045851047257315,
Quincy Hamilton,2024,0.6602193826944396,0.6578630684001543,
Garrett Cooper,2024,0.7272794039098387,0.7273910000954367,0.566306799
Chris Newell,2024,0.6833851126592606,0.5942898664865364,
Silas Ardoin,2024,0.5525298609130944,0.5879771206091273,
Seby Zavala,2024,0.5790616246498599,0.5871488860298646,0.496336996
Jacob Young,2024,0.6184586731966408,0.6709121408891909,0.647602831
Carlos Mendoza,2024,0.642559074912016,0.5756165388163879,
Eli White,2024,0.6210745123121202,0.6247317298922188,0.769230768
Jason Delay,2024,0.6006341076763613,0.6177730434914354,0.733333333
Griffin Lockwood-Powell,2024,0.6824619895486037,0.5858169130403563,
Niko Goodrum,2024,0.641236624678315,0.6585114531553922,0.290948275
Terrin Vavra,2024,0.6569316861999789,0.7020380690082062,
Alsander Womack,2024,0.6147140646169127,0.6361310547368062,
Kevin Newman,2024,0.6595224507337969,0.6782755809144817,0.686475409
Jake Lamb,2024,0.6850659976000872,0.6866534529537691,
Drew Gilbert,2024,0.65408534134075,0.7070014991756486,
Eduardo Torrealba,2024,0.5667558921459817,0.5851851931388901,
Adeiny Hechavarria,2024,0.7066092905219022,0.6213234038501821,
Yeiner Fernandez,2024,0.6383619983619984,0.5914468828599035,
AJ Pollock,2024,0.7094017094017093,0.7164713852968907,
Jose Godoy,2024,0.6463774699068817,0.6304152291665538,
Adrian Sugastey,2024,0.6179410135106338,0.5547454940253089,
Tim Tawa,2024,0.6276704769412692,0.6361439957083947,
Nick Dunn,2024,0.6568295845312588,0.6714109367466277,
Trevor Hauver,2024,0.6620791108205295,0.6523770234617201,
Edinson Duran,2024,0.6701823774994506,,
Nick Gordon,2024,0.7247590374040853,0.6900310942465792,0.627412587
Wil Myers,2024,0.738882164610339,0.6761432727574992,
Tres Barrera,2024,0.6354020570359982,0.6095904641749037,
Aaron Antonini,2024,0.5704601943210063,0.5957237294683289,
Grant McCray,2024,0.6313313229463338,0.5726042267499492,0.617493796
Kaden Polcovich,2024,0.5871297272197942,0.5985292902881769,
Jackson Glenn,2024,0.6093281985451433,0.6355508040724482,
Tyler Neslony,2024,0.6693750971680127,0.6835232736757458,
Hunter Stovall,2024,0.6677959346353128,0.670218746898316,
Gilberto Celestino,2024,0.6613556389942794,0.6864114777789192,
Adam Hackenberg,2024,0.6024313725490196,0.6226263653673045,
Michael De La Cruz,2024,0.6166968781470292,0.6157344259841872,
Nick Solak,2024,0.653716488289299,0.650897569165668,
Jhonny Pereda,2024,0.6508515815085159,0.6562377577310453,0.48076923
Tommy Troy,2024,0.6736674501478506,0.5308420244665453,
Yairo Munoz,2024,0.6997132795812728,0.671781266690443,
Elehuris Montero,2024,0.7578811562768782,0.7658328101247831,0.570777905
Garrett Stubbs,2024,0.661079017949247,0.6458654683146277,0.557894045
Ben DeLuzio,2024,0.6095198730981478,0.6116541266996551,
Corey Rosier,2024,0.6659012629161882,0.6819131716227556,
Chadwick Tromp,2024,0.646101262889584,0.6348152958188664,0.624643874
Chandler Simpson,2024,0.6015310988486955,0.5850261982505315,
Tucker Barnhart,2024,0.5928258145363409,0.6025403152188522,0.497110585
Jorge Alfaro,2024,0.6378718839286663,0.6409338240885447,
Marty Costes,2024,0.6936275452017581,0.66682849521273,
Jose Devers,2024,0.6477250940196151,0.6306468065229678,0.5
Luis Gonzalez,2024,0.6525519167530069,0.6618415939745375,
Tyler Locklear,2024,0.6742310803600626,0.6989897424248062,0.535600906
Yonathan Daza,2024,0.7104970879046457,0.6591459955100695,
Sam Hilliard,2024,0.7156635413516148,0.723122727233352,0.812441181
Terrell Tatum,2024,0.6024188433373695,0.6235504294148315,
Luke Voit,2024,0.7240611620795108,0.7074208381662526,
Korey Lee,2024,0.6178117048346056,0.6129280855244451,0.591134928
Taylor Kohlwey,2024,0.6438958817059758,0.6442751903188599,
Chavez Young,2024,0.6128746868485135,0.6234492364487663,
Andy Thomas,2024,0.5925848676639816,0.583718121246511,
Cade Doughty,2024,0.6298596733379342,0.5620556681799311,
Loidel Chapelli,2024,0.6392592592592592,0.5647642296675016,
Carter Howell,2024,0.6303885024785767,0.5814469215097451,
Luken Baker,2024,0.7300821984411164,0.7507445590607027,0.685714285
Billy McKinney,2024,0.6846198944694157,0.6983049761561627,0.525714285
Spencer Packard,2024,0.6517208043310132,0.6794254127944453,
Nick Martini,2024,0.7173710180498032,0.7353504147318205,0.641467951
Mark Kolozsvary,2024,0.6127637772583177,0.5785921502577483,
Angelo Castellano,2024,0.6315875472996215,0.6258011001119126,
Rowdy Tellez,2024,0.7425653294074347,0.7795088526709657,0.690932318
Ruben Cardenas,2024,0.6615596123506874,0.6695055475423402,
John Rave,2024,0.6415225878416062,0.6439748744758119,
Curt Casali,2024,0.6368298368298368,0.6226349238461988,0.542682926
Pedro Severino,2024,0.6397556390977444,0.6406620939211976,
Abimelec Ortiz,2024,0.7199611596615342,0.6549396317998801,
Yuli Gurriel,2024,0.7319644874899112,0.7130593322307913,0.634757834
Termarr Johnson,2024,0.6520165781780967,0.5856487834315567,
Ramon Rodriguez,2024,0.6245791245791246,0.6470390376459147,
Jacob Buchberger,2024,0.6140757927300851,0.6315419177120922,
Kole Calhoun,2024,0.6567575223467204,0.6757151724264943,
Jesse Winker,2024,0.7255190252535566,0.7669762882219051,0.764334956
Oscar Colas,2024,0.6889219403765691,0.7062341449331893,0.641148324
Ji Man Choi,2024,0.7156005685856432,0.7278822173059167,
Andre Lipcius,2024,0.673395795099649,0.6953659088319516,
Jancarlos Cintron,2024,0.622620717291124,0.6141327466499638,
Eli Wilson,2024,0.6184510780980766,0.6352615238391252,
Jose Rodriguez,2024,0.6431367732016768,0.6501365874131116,
Kean Wong,2024,0.6225971555038405,0.609243710467642,
Homer Bush Jr.,2024,0.6449429452813801,0.5231406939736765,
Canaan Smith-Njigba,2024,0.6710084993327964,0.701206841880571,
Christopher Familia,2024,0.733264320220842,0.6278355406335763,
Juan Centeno,2024,0.5744360902255639,0.587943356207566,
Gustavo Campero,2024,0.6494116685732962,0.6030204849251641,0.618659419
Charlie Blackmon,2024,0.7531133286310605,0.7730804807447182,0.74068404
Gage Workman,2024,0.6095036358198124,0.5994285169738551,
Gavin Cross,2024,0.656190103254261,0.5562282189526784,
Dominic Miroglio,2024,0.6386666666666667,0.6336201474441007,
Vimael Machin,2024,0.6453479327026366,0.6522364954434046,
Ryan LaMarre,2024,0.6466666666666667,0.6574334203554068,
Austin Martin,2024,0.6442307692307692,0.6551415867791812,0.669578388
Jose Fermin,2024,0.6645622895622896,0.7045883302039669,0.437689427
J.D. Martinez,2024,0.7310073827101691,0.7477237416450974,0.725285553
David Dahl,2024,0.6835124214035915,0.6797970093214003,0.638487207
Daniel Robertson,2024,0.6168067226890757,0.5859716442137131,
Jose Tena,2024,0.618681149082961,0.6334440812184972,0.651656314
Juan Yepez,2024,0.7454621865556645,0.735810799216488,0.763880958
Dylan Crews,2024,0.6317960106277511,0.6560021110224903,0.640819963
Johnathan Rodriguez,2024,0.6769440856853761,0.7109068481311414,0.486290322
Sergio Alcantara,2024,0.6245209825354944,0.6400908664399247,
Brendon Davis,2024,0.6832536081207043,0.6846438312857135,
Michael Siani,2024,0.6032672260361047,0.6211990871701096,0.57006462
Ronaiker Palma,2024,0.6022883926109732,0.5839105544029888,
Darren Baker,2024,0.6017269402681837,0.6387858920254211,1.142857142
Hanser Alberto,2024,0.6656743199706374,0.6780934315339964,
Victor Reyes,2024,0.6621200540890118,0.6768763210428302,
Cody Milligan,2024,0.6259136212624585,0.6353451673410924,
Mario Feliciano,2024,0.6195904779850512,0.6527062842882545,
Jackson Loftin,2024,0.5759197033460564,0.4767962745551914,
Robbie Glendinning,2024,0.65167377967458,0.6239532698473012,
Nik McClaughry,2024,0.6863461148305945,,
Rob Brantly,2024,0.6330379313297372,0.6427333750238389,0.222222222
Niko Kavadas,2024,0.6995376547615354,0.6749930628831982,0.6163522
Riley Adams,2024,0.6842375366568916,0.6970714138883805,0.628514588
Israel Pineda,2024,0.5806496439117597,0.6007485634945171,
Jonathan Davis,2024,0.6393950327740694,0.6573018517708049,
Everson Pereira,2024,0.6673522280745757,0.6901771525804339,
Didi Gregorius,2024,0.641612431616676,0.6292345722820769,
Brooks Baldwin,2024,0.6276826857301792,0.5742456837519523,0.565789473
Tucker Bradley,2024,0.6869648698620395,0.6874649429623857,
Cadyn Grenier,2024,0.58051500405515,0.601370915120433,
Blake Sabol,2024,0.6639274603535928,0.6738850579190223,0.796052631
Ben Gamel,2024,0.6767918686839185,0.6990092178168175,0.717171716
Jase Bowen,2024,0.6102481843609192,0.5857922800249268,
Eddie Rosario,2024,0.7122445721583652,0.7194046897176269,0.531009357
Tim Lopes,2024,0.6309711449928994,0.6137706919735897,
Jared Oliva,2024,0.6536957406522623,0.6153519227743683,
Tyler Wade,2024,0.6103896103896104,0.6123357803114307,0.523898645
Matt Reynolds,2024,0.6715599641559218,0.6455962013200562,
TJ Hopkins,2024,0.6650082820282954,0.6833404616484235,
Adam Haseley,2024,0.617714740894809,0.6680221162719229,
Bryson Brigman,2024,0.6250725114842512,0.6136378303318015,
Elijah Dunham,2024,0.6441883417201075,0.6313478133878616,
Casey Schmitt,2024,0.6492234912737005,0.6597239004055224,0.759821354
Deyvison De Los Santos,2024,0.6556653992395438,0.6651821448313002,
Max Schrock,2024,0.690178141550313,0.6777513466574752,
Tanner Schobel,2024,0.6419491196170761,0.6450073737125216,
Hayden Cantrelle,2024,0.5864620052652716,0.6042128980124053,
Phil Clarke,2024,0.6358138532285877,0.6335194613449533,
Chris Owings,2024,0.6276046102310793,0.6266171522365196,
David Banuelos,2024,0.5987958401751505,0.5844246807635696,0
Richie Martin,2024,0.5817165916498526,0.5792408747027504,
Anthony Bemboom,2024,0.5931486813839755,0.6054038761226738,
Brennen Davis,2024,0.6343281179576332,0.6455167804948945,
Peyton Wilson,2024,0.6571784038342714,0.673242887248316,
Nate Mondou,2024,0.6467105263157895,0.6420588648776331,
Will Wilson,2024,0.623450402533165,0.585915710498035,
Ben Cowles,2024,0.5815768401601478,0.5465913888137044,
Jermaine Palacios,2024,0.6550640917524034,0.6103185336007662,
Brainer Bonaci,2024,0.658118360193112,0.6673162192575293,
Jordan Qsar,2024,0.6575585648272048,0.6389007146152139,
Evan White,2024,0.6869922069308572,0.7171257885798765,
Kyle Lewis,2024,0.7373809523809524,0.7224078770575791,
Hernan Perez,2024,0.6762820512820513,0.671354817511143,
Randal Grichuk,2024,0.6931920834359859,0.707812965318303,0.875229305
Zach Dezenzo,2024,0.6343956043956045,0.6888388615573825,0.647890817
Errol Robinson,2024,0.5325343193505886,0.5453901275051949,
Yolbert Sanchez,2024,0.6098087339201084,0.6169325380072399,
Andrew Knizner,2024,0.657888355400359,0.6878956958085607,0.393906809
Jose Azocar,2024,0.6179255319148936,0.6434395450043693,0.515806111
Nomar Mazara,2024,0.6734506986658246,0.692906656064276,
Bill Knight,2024,0.5654838379589098,0.5378298980100356,
Shayne Fontana,2024,0.6375806583353754,0.6548915880063476,
Scott Kingery,2024,0.6027777777777779,0.5990348762235487,
Josh Kasevich,2024,0.6218241507279475,0.5663450039245519,
Chase Calabuig,2024,0.645197852816365,,
Tomas Nido,2024,0.5721707702733227,0.5933377282333703,0.534362717
Elio Prado,2024,0.6120344353440546,0.5550744041095077,
Colin Barber,2024,0.6532796622876322,0.6783816087618937,
Adam Engel,2024,0.5924507870209228,0.5891037402282526,
MJ Melendez,2024,0.7809726150141405,0.7679585396922436,0.673818769
Luke Ritter,2024,0.6233431516936672,0.60596767785496,
Diosbel Arias,2024,0.6355675251480346,0.6029411995266691,
Hunter Goodman,2024,0.7775462573983831,0.7857787114284494,0.644740182
Leury Garcia,2024,0.6530771789753825,0.6448899723054402,
Matt Duffy,2024,0.6322829131652661,0.6645133961919572,0.785714285
Brent Diaz,2024,0.6232171930967112,0.6154880358362095,
Nelson Cruz,2024,0.7238862853593812,0.7151651263975276,
Ji Hwan Bae,2024,0.6426923076923077,0.6981811774381033,0.463129796
Roman Quinn,2024,0.6144907723855092,0.630779645953585,
Nick Dini,2024,0.6273266152934203,0.6389605643526712,
Oscar Campos,2024,0.600814915421657,,
Jose Iglesias,2024,0.6318668109147734,0.6455013817187909,0.829591446
Jack Dunn,2024,0.623832418577035,0.6354746728226714,
Carlos Cortes,2024,0.6371610287950797,0.6372597767370392,
Jurickson Profar,2024,0.6838596491228071,0.6976464834454112,0.839310355
Jackson Cluff,2024,0.5859781356090572,0.5575235993795388,
Braiden Ward,2024,0.62590781958775,0.5884478928363801,
Matt Shaw,2024,0.7395458001388384,0.711481973382385,
Ivan Johnson,2024,0.6358424540242722,0.6214392597004812,
Delino DeShields,2024,0.5739487179487179,0.6077629950457026,
Phillip Evans,2024,0.6655026036579846,0.6467480494355455,
Michael Perez,2024,0.5783750783750784,0.6300743216975824,
Ezequiel Pagan,2024,0.6452522935779816,0.6138066923502475,
Bryan Lavastida,2024,0.648747537292429,0.6345616600013041,
Felix Valerio,2024,0.6263157894736842,0.6197771947213756,
Tirso Ornelas,2024,0.6431818181818182,0.6565950815508752,
Marcos Castanon,2024,0.6442390001712035,0.6560117429070296,
Steward Berroa,2024,0.6053237067597588,0.6095280020885379,0.549549549
Micael Ramirez,2024,0.5673872602476104,0.5858211168368657,
Tristan Peters,2024,0.6382893852872019,0.6809295145141161,
Sterlin Thompson,2024,0.7238118969503163,0.7489797088577793,
Riley Tirotta,2024,0.6144963100629726,0.6079486298614079,
Sandy Leon,2024,0.5974683544303797,0.5665361874562442,
Jose Briceno,2024,0.6105822187254131,,
Jack Winkler,2024,0.5631629166111924,0.5945673801752069,
Ryan Casteel,2024,0.6720311161861261,0.6808714603172293,
Tyler Hardman,2024,0.6606040600759201,0.6572273100257037,
Billy Cook,2024,0.6170675588779038,0.6287626049367812,0.673469386
Allan Cerda,2024,0.6704338748200755,0.6487429926145747,
Andrew Knapp,2024,0.6134980307912639,0.5983482346934699,0.333333332
Johan Camargo,2024,0.6857552697025866,0.6848760911311932,
Oscar Gonzalez,2024,0.6901164518069234,0.7159320007743538,
Tyler Soderstrom,2024,0.6231391351083887,0.6564406939545974,0.743125418
Jacob Nottingham,2024,0.6425827221235175,0.596283818840265,
Josh Crouch,2024,0.5814352893068901,0.6119099924016234,
Eric Hosmer,2024,0.708429397726813,0.7198775427751996,
Ryan Ward,2024,0.6719967639973224,0.618978135749719,
Chase DeLauter,2024,0.6870919981156202,0.6220184626284853,
Zac Cook,2024,0.6055961918030883,0.5824778912946431,
Avisail Garcia,2024,0.6724093447521078,0.6834800817306623,0.63490196
Brennan Milone,2024,0.6391845757091981,0.5877716828247566,
Henry Ramos,2024,0.7493329345370683,0.7093001362675175,
Scott Kapers,2024,0.625,0.5877643938216004,
Francisco Acuna,2024,0.5971092644978784,0.5483498598365815,
Milan Tolentino,2024,0.5590422665332204,0.5818999671931793,
Alex Iadisernia,2024,0.6500531742728997,0.5690064858876867,
Matt Gorski,2024,0.6284546687569357,0.6374428012005067,
Yusniel Diaz,2024,0.6652342755283931,0.6579350725873402,
Nate Furman,2024,0.6144210852510887,0.551472521992955,
Korry Howell,2024,0.5807812876778394,0.6051293940674589,
Yu Chang,2024,0.6102027251578598,0.6526540611566676,
Caleb Knight,2024,0.6078219533275713,0.6230649099973322,
Chris Meyers,2024,0.665,0.6685067928221415,
Spencer Jones,2024,0.6158529473512329,0.6424433536194469,
Michael Chavis,2024,0.6414819242193726,0.6507346460053105,
Jake Bauers,2024,0.714770523594053,0.6965259059790596,0.661505186
Brian Serven,2024,0.5502043776371308,0.5725670035394663,0.465079364
Aramis Garcia,2024,0.6168552477565353,0.6168531740020085,0
Julio E. Rodriguez,2024,0.6098912430737924,0.6116054601238012,
Luke Williams,2024,0.6419505141388175,0.625072763712011,0.535379368
Nick Meyer,2024,0.5735909408959146,0.5899403980393033,
Trei Cruz,2024,0.5978097598527948,0.5957588064752664,
Vito Friscia,2024,0.6282442748091603,0.6299445479902632,
Elias Diaz,2024,0.7182066846522782,0.7123551421854675,0.694928774
Kevin Cron,2024,0.6788031064412974,0.6072605546498937,
Victor Mesa Jr.,2024,0.6106968575911558,0.6283517847234847,
Patrick Mazeika,2024,0.6160105598260734,0.6192332502806134,
Jake Noll,2024,0.6715024741340531,0.6618873935433633,
Steven Duggar,2024,0.6172934702604185,0.5783577331814886,
Matt Kroon,2024,0.6608815426997245,0.7107468839108526,
Mike Moustakas,2024,0.6670090634441088,0.6664887039440864,
Chandler Seagle,2024,0.48185148185148186,0.522040193627386,
Jimmy Govern,2024,0.6387461184280973,0.6173390132526707,
Magneuris Sierra,2024,0.5860770999304925,0.6009407926999726,
Gabriel Rincones Jr.,2024,0.638465252757865,0.5679690685201421,
Joe Lampe,2024,0.5819720411529098,0.5423955726919882,
Franmil Reyes,2024,0.7317522790728967,0.7230100003857456,
Carter Jensen,2024,0.6289922480620155,0.5621117675660295,
Micah Pries,2024,0.6696665362375549,0.6699176851296011,
Bob Seymour,2024,0.6677297578755532,0.6866083438776771,
John Hicks,2024,0.6347302758741873,0.6191496267901238,
Max Muncy,2024,0.5754352030947776,0.7861734661008186,0.85203266
Colin Moran,2024,0.651337847610282,0.6526923970832677,
Darius Hill,2024,0.6551624964049467,0.6866996843846402,
Nathan Church,2024,0.6159544827227039,0.5762003440873416,
Max McDowell,2024,0.5487296546248511,0.5636973208438574,
Shane Sasaki,2024,0.6345121381886087,0.6121334431570384,
Caleb Ricketts,2024,0.6170892494929006,0.5442132855141255,
Jordan Beck,2024,0.7092212149752766,0.7650035540614055,0.521035805
Jake Fox,2024,0.6083701379203471,0.5540040969017063,
Ramon Mendoza,2024,0.5797974506722542,0.5368894836713257,
Grant Witherspoon,2024,0.64868113994767,0.6339011372780358,
Andres Alvarez,2024,0.6151792524790236,0.5927841157304747,
Livan Soto,2024,0.5888035440564623,0.6029309100441089,0.682692307
Blake Hunt,2024,0.5883697195598154,0.6099631409641058,
Shane McGuire,2024,0.5592099792099792,0.5866797355086417,
Greg Jones,2024,0.651494370195528,0.6517954087461986,1.133333333
Quincy McAfee,2024,0.6577553554308706,0.6276299066089156,
Narciso Crook,2024,0.6547132374322221,0.6471830420652335,
Alfonso Rivas III,2024,0.6784107049413173,0.6913337466895704,
Stevie Berman,2024,0.6125629113433991,0.6115782138340793,
Alex Erro,2024,0.6125026888787973,,
Kendall Simmons,2024,0.6606724308557738,0.5657906502770276,
Cade Bunnell,2024,0.6052061442468097,0.5779790804961991,
Jack Blomgren,2024,0.6466243862520458,0.6745933946831923,
Connor Kaiser,2024,0.6155814905814906,0.6124691537750383,
Wes Clarke,2024,0.7004868832206962,0.664580123285355,
Dayan Frias,2024,0.598136967761718,0.5562723781304237,
Jesse Franklin V,2024,0.6652981849611064,0.6462607568759224,
Eddinson Paulino,2024,0.670837306885371,0.5912662179304222,
Matt Scheffler,2024,0.5511260755705201,0.5621761344716922,
Maximo Acosta,2024,0.6051833139527113,0.5537848746030043,
Michael Hermosillo,2024,0.674600600113535,0.6711207629553056,
Matthew Barefoot,2024,0.6262732701088864,0.6302925130865615,
Luis Aviles Jr.,2024,0.609721101246525,0.6030496074624256,
Matt Pita,2024,0.659457167090755,0.6196184302815184,
Nasim Nunez,2024,0.5627167244598559,0.5918237032919141,0.632158094
Nathan Martorella,2024,0.679519963631456,0.6806455546170312,
Dom Nunez,2024,0.592149718965544,0.5873425334237259,
Levi Jordan,2024,0.623963963963964,0.6341359222470999,0.29090909
Kevin Made,2024,0.5815779840937074,0.5300927531794646,
Gavin Sheets,2024,0.7074977416440831,0.7320344191700918,0.660377691
Justice Bigbie,2024,0.6807035070192965,0.7242204448208083,
Max Ferguson,2024,0.6006435006435007,0.527714319664823,
Patrick Frick,2024,0.5670810331627514,0.5887355154862314,
Brady Lindsly,2024,0.5689644651465533,0.5766019794612849,
Zach Humphreys,2024,0.6021847345132743,0.6027284756240789,
David Calabrese,2024,0.5764122529659094,0.5849083398028889,
Yoelqui Cespedes,2024,0.6047121962727058,0.6081143085689905,
Logan Warmoth,2024,0.5811392430641152,0.593710251933184,
Michael Trautwein,2024,0.5623492324561403,0.6012217010989693,
Niko Hulsizer,2024,0.6326672448044479,0.6533351125816277,
Tommy La Stella,2024,0.6808881222943723,0.6803180349531872,
Cam Gallagher,2024,0.5516556291390728,0.5754765455796697,
Miguel Sano,2024,0.7389169429040553,0.7450655361491922,0.607989854
Jeter Downs,2024,0.6131231671554253,0.6338550835224733,
Kevin Vicuna,2024,0.620695549273552,0.6037852038734035,
Chad Wallach,2024,0.603183023872679,0.6103847887917961,
Francisco Urbaez,2024,0.6304666268334522,0.6544914869927725,
Ronny Simon,2024,0.6088630399552488,0.6336717639243054,
Austin Wynns,2024,0.6297774552491533,0.6431842661042068,0.978947368
Brewer Hicklen,2024,0.6944442601744668,0.6618422960183089,0
Daniel Vellojin,2024,0.6018945031063236,0.614428890752097,
Collin Burns,2024,0.5504918032786885,0.5517408584039054,
Joey Wendle,2024,0.6365534630840753,0.648910429328091,0.493243243
David Garcia,2024,0.5670013094718463,0.5686580904522811,
Steele Walker,2024,0.6217476574417085,0.6526519043550767,
Andrew Velazquez,2024,0.5778379820618599,0.5764858028536864,
Camden Duzenack,2024,0.6345216874628639,0.6263980043311994,
Matt Beaty,2024,0.721142013290672,0.6518587442251037,
Ben Ross,2024,0.6297597582286167,0.5684074857555195,
Austin Murr,2024,0.6188429503763917,0.5684391804083548,
Andy Weber,2024,0.6205479452054794,0.6063955362807919,
Michael Guldberg,2024,0.5580659405357669,,
Hunter Feduccia,2024,0.6695671671395431,0.6321524438361066,0.761904761
Jax Biggers,2024,0.5879395604395605,0.5972483443465693,
Dylan Beavers,2024,0.6482905982905982,0.6951068423278535,
Andrew Bechtold,2024,0.6014317750560635,0.6127390215602413,
Kahlil Watson,2024,0.6309214455186662,0.5339085898472129,
Nick Kahle,2024,0.5611342074405714,0.6006533681148838,
Tristin English,2024,0.6497173414820474,0.6524530678319027,
Greg Deichmann,2024,0.5908811875662705,0.6008793545061337,
Grant Richardson,2024,0.6279650436953808,0.6408909621707535,
Jason Lopez,2024,0.6036410366245448,0.5991756790622897,
Turner Hill,2024,0.6392565586113973,0.5501633392981726,
Keshawn Ogans,2024,0.6406989069605753,0.5586835998731134,
Aaron Schunk,2024,0.6507128213808798,0.6646748583415578,0.595093356
Alerick Soularie,2024,0.603643286423532,0.6214347820929861,
Lucius Fox,2024,0.5659973226238286,0.564956036408836,
Evan Mendoza,2024,0.5512659552207575,0.5885332902037538,
R.J. Yeager,2024,0.6797334216408644,0.610004698452641,
Brandon Dixon,2024,0.6907415389035979,0.6565633423671207,
Ben Norman,2024,0.5982301218913921,0.6156786443185523,
Adrian Del Castillo,2024,0.6083823347250457,0.6197699040430598,0.892816091
Kevin Plawecki,2024,0.6011535127293314,0.6116804744247031,
Khalil Lee,2024,0.6397761975881056,0.6624909275805233,
Nick Tanielu,2024,0.6256274125679576,0.6201115474497392,
Joey Votto,2024,0.6770011816709702,0.6941723608245249,
Willie Calhoun,2024,0.7075576584962251,0.7517812811943136,0.694873292
Trey Mancini,2024,0.7046377783811699,0.7076830214558252,
Juan Santander,2024,0.5936973373778227,,
Brady House,2024,0.6369212504946578,0.676067993677551,
Abraham Almonte,2024,0.678687162442875,0.7127196699483171,
Travis Swaggerty,2024,0.6019788182831661,0.6587245866235375,
Cole Tucker,2024,0.5675579846757874,0.5940092003284907,0.563157894
Josh Rivera,2024,0.5648148148148149,0.5126822160832079,
Carter Bins,2024,0.5924575424575425,0.6066651032143539,
Chris Okey,2024,0.5922214897824654,0.5975611959797302,
Moises Gomez,2024,0.6520584978177317,0.680740860488503,
Will Banfield,2024,0.5909740414384377,0.612966192940056,
Patrick Dorrian,2024,0.6478446601941747,0.6246099521349702,
Irving Lopez,2024,0.6137293664129683,0.6137510788133202,
Tyler Payne,2024,0.5985930171964565,0.6121785338543057,
Jose  Estrada,2024,0.5980788675429727,,
Drew Romo,2024,0.6806807258839696,0.6846390139472989,0.442841286
Alex Binelas,2024,0.6595253387160902,0.6512999244787214,
Blake Rutherford,2024,0.6670825026561773,0.6813726345887391,
Freddy Zamora,2024,0.5970000875339194,0.6122472905163927,
Justin Toerner,2024,0.5904682274247492,0.5949110826810452,
Robert Moore,2024,0.6066847335140018,0.5368919936066772,
LJ Talley,2024,0.6276707163803938,0.636312197475386,
Kevin Kilpatrick Jr.,2024,0.5722460545165376,0.529591247427249,
Brian Miller,2024,0.6369578989805909,0.6402309890499094,
Kenedy Corona,2024,0.6262447413434423,0.6462509932189265,
Raynel Delgado,2024,0.5872322522366451,0.6147957585375852,
Stephen Piscotty,2024,0.6450018860807243,0.6278478551125255,
Tony Wolters,2024,0.5760928375529395,0.5788464479196846,
Robert Emery,2024,0.5468298109010011,0.6034958594894589,
Cody Freeman,2024,0.6202563179893155,0.557383181447813,
River Town,2024,0.664321194842658,0.6016195934541613,
Jerar Encarnacion,2024,0.6610506424438592,0.6587962306039478,0.702089685
Bryce Windham,2024,0.6073520902647187,0.6221535130187263,
Justin Dean,2024,0.5785306537378793,0.5811172337819827,
Elliot Soto,2024,0.5453830859573681,0.5574628073866088,
Jeremy Eierman,2024,0.5431390991475195,0.5401651920290875,
Dillan Shrum,2024,0.6478126380910296,0.640908805092421,
Max Burt,2024,0.5885332856546874,0.5900213954615268,
Tyler Naquin,2024,0.6499938377527706,0.6709385527478282,
Scott Hurst,2024,0.5923552347768375,0.6392885668721153,
Jonny Butler,2024,0.5693452380952382,0.6339975839879464,
Connor Pavolony,2024,0.5443985544656685,0.5729356668368006,
Alejandro Osuna,2024,0.6297802197802198,0.6039874092127053,
Kervin Pichardo,2024,0.5969807557177504,0.5893857108740264,
Garrett Spain,2024,0.5864207346159962,0.552699430025589,
Colton Bender,2024,0.5338724168912847,0.4839243288629822,
Zach Kokoska,2024,0.6989100549882168,0.6532479722793958,
J.J. D'Orazio,2024,0.6182308037718904,0.621112151136643,
Michael Berglund,2024,0.5223649357788995,0.5423805997320581,
Justin Yurchak,2024,0.6891940298507463,0.6763262226688387,
Peyton Williams,2024,0.644638354080775,0.5719183838233758,
Cam Cannon,2024,0.6071878329942846,0.6162689294397712,
Yoyner Fajardo,2024,0.6156697379873346,0.6648903520462672,
Seth Beer,2024,0.6816145168156662,0.690170481249772,
Raimel Tapia,2024,0.6335886335886336,0.6783911931973876,
Drew Swift,2024,0.5081334653287135,0.5519609366227674,
Corey Dickerson,2024,0.6860435949532195,0.6946030084181136,
Aaron Bracho,2024,0.6019123394751535,0.618829914782296,
Cal Mitchell,2024,0.6460788540768421,0.6899273770957746,
Rodolfo Castro,2024,0.6618932365201022,0.6942538529026167,
Diego Cartaya,2024,0.6453473383813857,0.6405843171058454,
Seth Gray,2024,0.5697553922159296,0.5886436098169082,
Noah Miller,2024,0.5491660269383767,0.5186689871724274,
Trey Lipscomb,2024,0.6120841490978086,0.641498552680956,0.49952153
Jose Peraza,2024,0.5985994514171723,0.607249728407391,
Matt Whatley,2024,0.5408711265009057,0.5259189352638498,
Chris Williams,2024,0.6585276967930029,0.6309909974000554,
Jorge Bonifacio,2024,0.6609598320124636,0.6498400747032993,
Shawn Goosenberg,2024,0.6159983291562239,0.5590056073500249,
Jordan Procyshen,2024,0.5666617342408997,0.5654284712181679,
Jacob Berry,2024,0.6407049370703995,0.6243775413219192,
T.J. Rumfield,2024,0.6416666666666666,0.6690866568477265,
Brady Allen,2024,0.6422200902533489,0.5884437299329575,
Joe Perez,2024,0.6709860847857242,0.6619914588073992,
Jose Torres,2024,0.5588327477276851,0.5656112762410261,
Wilmer Difo,2024,0.5877277085330777,0.6037977570984903,
Tyler Cropley,2024,0.6,0.5849739967433489,
Josh Morgan,2024,0.5910364810944329,0.6015810933356854,
Alex Freeland,2024,0.5849707567199456,0.5227202167961493,
Alex McKenna,2024,0.582405498281787,0.5858799542223594,
Edwin Rios,2024,0.6655544320862825,0.6624799817611928,0.311111111
Mike Jarvis,2024,0.6092901020589137,0.5900854998372842,
Jhonkensy Noel,2024,0.6648163390310664,0.6687065501546674,0.773912306
Adrian Placencia,2024,0.5974463091911253,0.5746246992234122,
Jared Walsh,2024,0.6963858801717409,0.6795486452938577,0.637421382
Bryce Arnold,2024,0.6220663861617578,0.46834566027949326,
Brandon McIlwain,2024,0.61515296297905,0.6147631313162438,
Kevin Parada,2024,0.6279063622912704,0.5941678079406452,
Jonathan Arauz,2024,0.6150347872315836,0.6566824592991503,
Daniel Mateo,2024,0.5988034188034188,0.5707622991494331,
Jaylin Davis,2024,0.6119711234324414,0.6404304069758658,
Phillip Sikes,2024,0.6245453781277144,0.6080750506606623,
Kyle Garlick,2024,0.6662147096929706,0.6855814122931734,
Hector Nieves,2024,0.5042372881355932,,
Warming Bernabel,2024,0.6807413600891862,0.6815915158996191,
Jackie Bradley Jr.,2024,0.5632721712538227,0.6135629188957757,
Aeverson Arteaga,2024,0.6071134948909682,0.5462393598411219,
Yohandy Morales,2024,0.5972710530721581,0.5674716440523995,
Cody Roberts,2024,0.5892501098306917,0.597361030966999,
Benjamin Blackwell,2024,0.5086754643206256,,
Nathan Hickey,2024,0.7188455988455988,0.694561140576262,
Hayden Senger,2024,0.5619643552785353,0.5346578427745474,
Michael Reed,2024,0.5650602409638554,0.582144642343605,
Jared Young,2024,0.6798178478493802,0.7012868576255561,
A.J. Vukovich,2024,0.6182400379506642,0.6706848447047076,
Jake Means,2024,0.5735475352112676,0.5520952950858703,
Dustin Peterson,2024,0.6740770778172682,0.6660583624921823,
Juan Zabala,2024,0.576015849874771,0.5916450396828079,
Matthew Lugo,2024,0.6107889259544379,0.624412712623384,
Bradlee Beesley,2024,0.6210364911718598,0.6265059909256872,
Eric Wagaman,2024,0.6450094161958568,0.6800620073087088,0.673048047
Gilbert Lara,2024,0.5585284280936456,0.5572914096789574,
Eduardo Lopez,2024,0.600580647092275,0.5609443886222096,
Jordyn Adams,2024,0.5903252032520325,0.6025192915846013,0.603759398
Patrick Winkel,2024,0.6128855025138651,0.6462981406582728,
Brett Auerbach,2024,0.5749671439441102,0.5737668567774354,
DJ Stewart,2024,0.6623823570726226,0.7329317357441705,0.622210622
Bryce Teodosio,2024,0.5418560214831647,0.5553516100787333,0.166666666
Nelson Medina,2024,0.5779573982502852,0.6138450497000003,
Jeffrey Wehler,2024,0.615744549568079,0.5307822595429847,
Ehire Adrianza,2024,0.6543222611924902,0.6298514609603749,0.596153846
Chad Pinder,2024,0.6518799729575121,0.6637590294611377,
Tucupita Marcano,2024,0.6352801303409708,0.6916108096513008,
Will Holland,2024,0.559236365977722,0.5487383361581317,
Murphy Stehly,2024,0.5966518225301005,0.5649993215598255,
Bryan Arias,2024,0.572787558222152,0.6040608136339825,
Yorvis Torrealba,2024,0.6394202898550725,0.6239690288974662,
Billy Hamilton,2024,0.47310420076377524,0.5239696262989398,
Alex De Jesus,2024,0.633842373178866,0.5708788246818324,
Tyler McDonough,2024,0.6030148185998978,0.6166422158040783,
Parker Bates,2024,0.5703778677462887,0.6024456916184425,
Zach Britton,2024,0.6455496882555033,0.6353331270234621,
Ivan Gonzalez,2024,0.5407717375203673,0.5821096902744628,
Luke Gold,2024,0.6368827235532339,0.5560154361418201,
Daniel Susac,2024,0.5670790544729252,0.6244768153102374,
Kyle Schmidt,2024,0.5726785714285714,,
Jake Washer,2024,0.5606869633099142,0.5837405197577227,
Luke Berryhill,2024,0.642816846610252,0.5782555719680844,
Santiago Chavez,2024,0.47442405310425617,0.5051467297830254,
Andrew Pinckney,2024,0.6235147321555171,0.5755666581730713,
Eric De La Rosa,2024,0.5921153477677716,0.591415663748918,
Brad Miller,2024,0.6476958525345622,0.6651800873359551,
Brandon Leyton,2024,0.6158604145824593,0.5464019632543249,
Simon Whiteman,2024,0.5568454979572918,0.5511277873764651,
Willy Vasquez,2024,0.5879258971369349,0.5566357203601701,
Wilmer Perez,2024,0.5613293787835696,0.4840832425139008,
Franklin Barreto,2024,0.6031764326218247,,
Owen Caissie,2024,0.6478961590426559,0.6895505673326747,
Wilderd Patino,2024,0.5913816950445939,0.5509082989252565,
Brady Whalen,2024,0.6426750766838035,0.6669699306773265,
Ben Ramirez,2024,0.5378787878787878,0.520073960687778,
Randy Florentino,2024,0.5683035714285714,0.5980884010966071,
Dylan Shockley,2024,0.4348497721479879,0.5116224496576176,
Nerio Rodriguez,2024,0.589453060777114,0.5382340101703491,
Gabriel Rodriguez,2024,0.5693284193284194,0.5851356294643022,
Diego Rincones,2024,0.6681099299974074,0.6891500231207477,
Jared Wegner,2024,0.617816091954023,,
Marcos Gonzalez,2024,0.6002742392073602,0.620488000743523,
Erik Ostberg,2024,0.5824505649717514,0.594371988950858,
Drew Lugbauer,2024,0.649092970521542,0.6434780330760117,
Dylan Rock,2024,0.576946349334409,0.6115551333069855,
JJ Schwarz,2024,0.5695478306954783,0.5856846991263583,
James Parker,2024,0.5380907109177686,0.5133597862776342,
Dalton Shuffield,2024,0.5956925045313999,0.6189409118729255,
William Lugo,2024,0.6196361105587592,0.5418241796752417,
Dermis Garcia,2024,0.6615112994350283,0.6740231900980227,
Matt O'Neill,2024,0.5193849087249744,0.5111461267732611,
Connor Kokx,2024,0.584519830301472,0.6167056238111022,
Roby Enriquez,2024,0.6066794100735078,0.6573665136135127,
Ethan Murray,2024,0.583350928311023,0.5954529509519912,
Kyle Battle,2024,0.5400728597449909,0.4913617494900532,
C.J. Stubbs,2024,0.5673063178959405,0.5518762020516021,
Griffin Conine,2024,0.6287666927678434,0.6421258396510227,0.777062208
Blake Rambusch,2024,0.567620840062566,0.5249221641683146,
Joshua Mears,2024,0.590017848036716,0.5892513517237423,
Eric Yang,2024,0.561133041715566,0.5776476609090012,0
Tim Susnara,2024,0.5198897341056599,0.5524889825288595,
Drew Mount,2024,0.6094702151473697,0.6655391727695259,
Laz Rivera,2024,0.5858108108108109,0.579017102370118,
Jameson Hannah,2024,0.6835603632478633,0.6674422161285807,
Gabe Matthews,2024,0.628001253378246,0.6245204695760114,
Isiah Gilliam,2024,0.6507739938080496,0.6519352553620286,
Michael Papierski,2024,0.6136826136826137,0.6156817991106249,
Tyler Callihan,2024,0.6117739403453689,0.6106528657841293,
Jayce Easley,2024,0.5562603016962591,0.5313606585760747,
David McCabe,2024,0.6599874355417114,0.6006237085554982,
Pablo Aliendo,2024,0.6048128342245989,0.6157348125856815,
Moises Castillo,2024,0.5657407514886998,0.5799463093342938,
Leonel Valera,2024,0.6069123074219436,0.6133306400442733,
Yoshi Tsutsugo,2024,0.6464856490541422,0.6484243434542099,
Tanner Kirwer,2024,0.5539523653242064,0.5889673652437133,
Herbert Iser,2024,0.5425567146878623,0.5941803259859549,
Wladimir Chalo,2024,0.5079491255961844,0.5787400242954717,
Jeisson Rosario,2024,0.5778061224489797,0.6210280246161184,
CJ Alexander,2024,0.6481514071597225,0.6291118818846718,0.25
Matt Fraizer,2024,0.6114232209737828,0.6259536083553325,
Josh Breaux,2024,0.6195544631791624,0.6495093248565276,
Bret Boswell,2024,0.6194861227381029,0.5788595453869662,
Luis Mieses,2024,0.6097430139720559,0.6309523286038292,
Joshwan Wright,2024,0.5638431687408002,0.5191320918200061,
Omar Hernandez,2024,0.5740305338725351,0.477501645632853,
Kristian Robinson,2024,0.634932634932635,0.5532717516504931,
Darlin Moquete,2024,0.6225939269171384,0.5601893086363889,
Caleb Hamilton,2024,0.5736217597663381,0.5712030606543843,
Fabricio Macias,2024,0.6133386264390631,0.6384533105596673,
Cobie Fletcher-Vance,2024,0.5820619920010321,,
Jim Haley,2024,0.6274063906359906,0.6264116168373897,
Hunter Bishop,2024,0.5637012344392938,0.5293632062746457,
Yadiel Hernandez,2024,0.6788635435505513,0.6977564789640678,
Ross Adolph,2024,0.5999091906617731,0.6062816332533325,
Julio Carreras,2024,0.6349610577025105,0.6541771120963259,
Anthony Seigler,2024,0.5864565003057647,0.6044351369678661,
Carson McCusker,2024,0.6106613756613757,0.5371478662514101,
Fabian Pertuz,2024,0.5378917518212487,0.5087332374703089,
Rece Hinds,2024,0.6596671296405283,0.6907850789749368,1.050724637
Darrien Miller,2024,0.6224834448104888,0.5543156607607833,
Logan Davidson,2024,0.5722254784012504,0.5798306043371642,
John Rhodes,2024,0.6125924406613567,0.6396581041397877,
Tyler Dearden,2024,0.6655328195588626,0.6594146298633435,
Daniel Murphy,2024,0.6181318681318682,,
Rowdey Jordan,2024,0.6020639302391579,0.6095079052670473,
D.J. Artis,2024,0.583305065581185,0.6373964099273646,
Yamal Encarnacion,2024,0.5197368421052632,0.3954705757736967,
Joseph Rosa,2024,0.5450853538101861,0.5928241401363425,
Diego Hernandez,2024,0.5894061838685396,0.6214420713266249,
Kyle McCann,2024,0.5719456689244884,0.5699417513755956,0.689899908
Sebastian  Rivero,2024,0.5859113410980631,0.5862869069135697,
Devin Hurdle,2024,0.48482370975983646,,
Johan Lopez,2024,0.5516555516555517,0.585444481381762,
Collin Price,2024,0.5681643625192012,0.5283413493527781,
Alex Isola,2024,0.6489160483049614,0.6698600663417853,
Ernesto Martinez Jr.,2024,0.6460393450537072,0.6679070289978829,
Colin Davis,2024,0.5836212951257199,0.5320177236016561,
Pat Valaika,2024,0.5964339258941957,0.5902372788830126,
Matthew Dyer,2024,0.5591468416735028,0.5856090116740948,
Erik Gonzalez,2024,0.5662950555586066,0.6063787541343464,
Felix Stevens,2024,0.660582274031984,0.5918743648594667,
Jesus Valdez,2024,0.6151877133105802,0.6030815383681503,
Bradley Zimmer,2024,0.5956204967193979,0.5703095759227268,
Ethan Salas,2024,0.5899772475351497,0.4957405929337162,
Kyle Datres,2024,0.6675122490911964,0.690104102772422,
Miguel Hernandez,2024,0.6014058981822176,0.6153019339965302,
Cesar Idrogo,2024,0.5587837837837838,0.6463654119357066,
Stanley Consuegra,2024,0.614283116410776,0.5627367142196887,
Luke Brown,2024,0.5891188321414256,0.5483435803690688,
Daniel Cope,2024,0.6711130872980584,0.6727300312512534,
Paxton Wallace,2024,0.56440079262514,0.5139768001725054,
Jarryd Dale,2024,0.5399759560338906,0.4974238411071492,
Kody Hoese,2024,0.5822800899262002,0.5926877934255618,
Tyler Reichenborn,2024,0.6061388095761037,0.5669258272112475,
J.T. Arruda,2024,0.5613838616138386,0.5789377358762019,
Mikey Perez,2024,0.5824351601477702,0.5432262190569463,
Cole Cummings,2024,0.6075461577550675,0.607237721709423,
Delvin Perez,2024,0.5503905179501233,0.5739721662815751,
Michael Amditis,2024,0.5172239108409321,0.5471016894488963,
Victor Torres,2024,0.5111139663368881,0.4621637439186996,
Luis Verdugo,2024,0.5664659056636536,0.6236900361295616,
Paul McIntosh,2024,0.659600645421541,0.6555506205488084,
Frederick Bencosme,2024,0.6066037735849057,0.5627892852490993,
Tim Elko,2024,0.6542443538412204,0.66406369388352,
Haydn McGeary,2024,0.6663631035951143,0.7010053802395,
Julian Escobedo,2024,0.57135170038743,0.5961105321608791,
Yanquiel Fernandez,2024,0.6919255324856484,0.719584382041498,
Edwin Diaz,2024,0.5859665214400367,0.5756321641084572,0
Kyler Fedko,2024,0.6427144832429822,0.593221448704826,
Carter Aldrete,2024,0.6023482587064677,0.6176700570105074,
Onix Vega,2024,0.5870046635229138,0.6012487014263215,
Euribiel Angeles,2024,0.5489326324540771,0.5559710393907475,
Cooper Uhl,2024,0.4724851419766674,,
Alexander Ovalles,2024,0.6413846668320731,0.6521807018640348,
Kobe Kato,2024,0.5622287390029326,0.5560861824481931,
James Triantos,2024,0.6309622357728317,0.5911054023560557,
D'Andre Smith,2024,0.5452377194366987,0.4846301719668319,
Liam Spence,2024,0.49836199836199835,0.4942276425521479,
Niko Decolati,2024,0.6041572433077018,0.6544831861701987,
Christian Franklin,2024,0.6314506298252742,0.5639979251002092,
Osiris Johnson,2024,0.5729266153396355,0.5328147324716169,
JT Schwartz,2024,0.6111156854672705,0.6675283667128977,
Branden Fryman,2024,0.49976076555023924,0.5428681038808754,
Tyler Tolve,2024,0.6262396302236939,0.6373938031143536,
Ruben Ibarra,2024,0.6435683990367389,0.5942218119604636,
Zac Veen,2024,0.6677359582243901,0.6804779711376463,
Gabriel Martinez,2024,0.6387458377282786,0.5867463393280403,
Monte Harrison,2024,0.5397918318595618,0.575367386282607,
William Simoneit,2024,0.6140793913473317,0.6067141182235204,
Norel Gonzalez,2024,0.657928744681697,,
Yorman Rodriguez,2024,0.6557357014828092,0.6425585132515672,
Hogan Windish,2024,0.5989954701164233,0.5657386616119353,
Miguel Cabrera,2024,0.6586323321541832,0.6683221482516735,
Xavier Fernandez,2024,0.6627811346089292,0.6687343116634686,
Joe Mack,2024,0.5632524290636007,0.4991095934170237,
Zach Davis,2024,0.49182715649781517,0.5813216680144291,
Jack Reinheimer,2024,0.5399907961343764,0.5415720453767421,
Sean Roby,2024,0.6353976423709116,0.6449106766765003,
Daniel Cabrera,2024,0.6108758520966742,0.6269200203763632,
Tommy Sacco Jr.,2024,0.5458431654184193,0.5280021700871802,
Frainyer Chavez,2024,0.5501204819277108,0.5863945187409603,
Mike Salvatore,2024,0.506620778160182,0.47763002627423967,
Pedro Martinez,2024,0.5345454545454545,0.5616754232294967,
Victor Mesa,2024,0.5635043277936311,0.5797770605292327,
Colby Smelley,2024,0.5607001693958216,0.5272875100227858,
Jake Anchia,2024,0.5297991013789185,0.5339340842125037,
Justin Connell,2024,0.6389588250721217,0.6411403290101567,
Imanol Vargas,2024,0.65041928721174,0.6443878734761739,
Luca Tresh,2024,0.6518081366147664,0.6531665007668828,
Chandler Redmond,2024,0.6455852376354468,0.6515971430470415,
Frankie Tostado,2024,0.6462712070634664,0.6604383108973442,
Davis Bradshaw,2024,0.6358908875564439,0.6506903562105188,
Landon Stephens,2024,0.6392194193241314,0.599696308768172,
Andy Atwood,2024,0.5072891072891073,0.5618782041054995,
Brandon Martorano,2024,0.568469400957433,0.5747768498801851,
Aaron Whitefield,2024,0.559299895506792,0.5820414290135438,
Osvaldo Tovalin,2024,0.5979974968710888,0.5535279348943445,
Colton Welker,2024,0.5955566172957478,0.6239530544041949,
Josh Sale,2024,0.6145067698259188,0.6166863729664775,
Drew Campbell,2024,0.5826136329677554,0.6252126748741784,
Karl Ellison,2024,0.4609375,0.4450675287324013,
Zach Daniels,2024,0.5800282414280025,0.6368664375285515,
Luis Yanel Diaz,2024,0.580925080925081,0.6009829042141197,
Terence Doston,2024,0.545123364795496,0.6410863003139224,
Heriberto Hernandez,2024,0.6339944877746344,0.6582579270100044,
Eric Rodriguez,2024,0.48333333333333334,0.5760431525970424,
Martin Maldonado,2024,0.5578246280039318,0.6062683534510693,0.40324074
Malcom Nunez,2024,0.635106085985483,0.6582380735048237,
Ford Proctor,2024,0.609686876247505,0.6097032372886311,
Daniel Palka,2024,0.6497433631326693,0.6737612088206418,
PK Morris,2024,0.575428306186176,0.6161893353412553,
Dasan Brown,2024,0.5769440254734373,0.5330431616747675,
Nelson Maldonado,2024,0.6456371625863151,,
Connor Hoover,2024,0.5631766316750342,0.5683970737092501,
Ty Duvall,2024,0.5198537095088819,0.496330931886277,
Anthony Mulrine,2024,0.5113357843137255,0.5352209419366913,
Andres Sosa,2024,0.6125670498084291,0.6028947610227711,
Jesus Aguilar,2024,0.6765686784965453,0.6850696843051445,
Ashton Creal,2024,0.5524447212706323,0.5607484113462018,
Kala'i Rosario,2024,0.6374529897522635,0.5765146799234852,
Andrew Moritz,2024,0.5849543004452777,0.6162746674185433,
Grant Little,2024,0.5350467289719626,,
Josiah Sightler,2024,0.65210256702958,0.6060078766552515,
Evan Edwards,2024,0.6046874526558191,0.6322471962128519,
Petey Halpin,2024,0.5788107920189717,0.6197955795844527,
Arden Pabst,2024,0.4928202615610749,0.5340439652220645,
Charlie Culberson,2024,0.5840651188900918,0.6077051355101752,
Will Frizzell,2024,0.6501479594780616,0.6637582209662563,
Miguel Hiraldo,2024,0.5921111979315559,0.6040600528417187,
Jack Lopez,2024,0.5983308655269888,0.573618521275862,0.628997867
Trevor Boone,2024,0.5978260869565217,0.6268141231688547,
Angeudis Santos,2024,0.579023390177989,0.4601488036603929,
Clint Frazier,2024,0.6293277052279822,0.633295378662851,
Casey Opitz,2024,0.5164476749603951,0.5693112678837347,
Ismael Alcantara,2024,0.5577067752356508,0.5921972469808483,
Armani Smith,2024,0.5770212388202135,0.6286546098817318,
Jake Hager,2024,0.5936173036093418,0.591929174949904,
Jean Walters,2024,0.5705200149644594,0.4477430086227687,
Max Wright,2024,0.5711915821404872,0.4963270109822714,
Josh Stowers,2024,0.570140864379477,0.5883249802246844,
Kyler Castillo,2024,0.6309724145276387,0.5804362753533403,
Mateo Gil,2024,0.5757684036393713,0.5723349498567318,
Shane Matheny,2024,0.6053556735731918,0.591261205966907,
Alberto Rodriguez,2024,0.6072765233529229,0.6497146223625717,
Jordan Diaz,2024,0.6432912418124113,0.7173863574024744,
Nicholas Northcut,2024,0.6341455836317453,0.6158886225902649,
Jose Mena,2024,0.5062484979572218,0.5576650772504125,
Marcus Lee Sang,2024,0.6038171650863118,0.6224587899010308,
Jose Acosta,2024,0.5640556240098574,0.5385676222660476,
Grayson Greiner,2024,0.5359067850348763,,
Chad Bell,2024,0.5877152738565783,0.6223407780658468,
Chad Stevens,2024,0.5532297178130512,0.5518313734509148,
Blaze Jordan,2024,0.702363672586521,0.7211797854103483,
Trevor Schwecke,2024,0.6232447171097477,0.6412587467894335,
Joe Suozzi,2024,0.5723440196834491,0.5993960889422987,
Bryant Packard,2024,0.6149463135289908,0.6526683871242416,
Donta' Williams,2024,0.5666918204477374,0.5966536508971311,
Carter Williams,2024,0.5969907407407407,0.6333984238980948,
Jacob Pearson,2024,0.5407557354925776,0.5802552996744375,
Cameron Barstad,2024,0.5757181571815718,0.4912589629582662,
J.D. Orr,2024,0.5737355811889974,0.6145205474460285,
Wilson Garcia,2024,0.6691861397396464,0.6751922428594331,
Zavier Warren,2024,0.608481045981046,0.6257378850192605,
Alex Ramirez,2024,0.5854795972443032,0.5460737347952718,
Garrett Whitley,2024,0.6014447884416925,0.6358751234021687,
Hamlet Marte,2024,0.49454736565497304,0.5322339719117027,
Grant Koch,2024,0.5328054298642534,0.5663661372298179,0.125
David Freitas,2024,0.6488635689276601,0.6466081454495116,
AJ Lewis,2024,0.5977196261682243,0.5780781364418127,
Wade Stauss,2024,0.5209039548022598,0.5380729784094558,
Michael Cantu,2024,0.4358842311257596,0.5013220837838013,
Aaron McKeithan,2024,0.6028501289196992,0.5653338725952097,
Pedro Castellanos,2024,0.6026416984862025,0.639701269749217,
Jared Carr,2024,0.5485685408564587,0.5157842669581014,
Mason Martin,2024,0.6495988097135874,0.654070574975577,
Mason Auer,2024,0.5660417674568619,0.5853704033829091,
Diego Infante,2024,0.6583382772551346,0.6556471516671489,
Hunter Dozier,2024,0.6674997619727696,0.6686281636158896,
Jan Mercado,2024,0.5008695652173913,0.5518212943699664,
Riley Mahan,2024,0.564318883216521,0.5740139340097309,
Ben Malgeri,2024,0.6109342819696686,0.6318789302142812,
Jacob Teter,2024,0.5846156904847111,0.6138967139739004,
Nick Senzel,2024,0.6076513538180712,0.677248479806607,0.613527341
Spencer Henson,2024,0.603107795420091,0.5504985323870142,
Cody Morissette,2024,0.5776053215077606,0.5969725250864264,
Scott Schreiber,2024,0.6041666666666666,0.6534973585674366,
Greyson Jenista,2024,0.6017158544955388,0.6214500630705655,
Ynmanol Marinez,2024,0.5409199522102748,0.5097160776127966,
Zach Zubia,2024,0.6336617405582923,0.5791273035694365,
Damon Dues,2024,0.5850186615745161,0.5567587679661262,
Tyler Esplin,2024,0.5652826739783261,0.6137703822074755,
Cameron Masterman,2024,0.5209879144529899,0.5938620165658001,
Carson Taylor,2024,0.6245092411893008,0.6238703932692269,
Caeden Trenkle,2024,0.5485772357723577,0.6254633456215914,
Zack Collins,2024,0.6302454473475851,0.6334423192560847,
Lazaro Armenteros,2024,0.6277661927330174,0.6281249216256739,
Brandon Parker,2024,0.5795208359882758,0.6135709020622634,
Donovan Casey,2024,0.5767328177440536,0.5802008898981759,
Roberto Alvarez,2024,0.5520933014354067,0.5991412799589922,
Cody Wilson,2024,0.4326995161180399,0.5229079469215503,
Aaron Shackelford,2024,0.6153333978984068,0.6213114064403056,
Nick Decker,2024,0.5825981787137166,0.5310005430201052,
Ryan Aguilar,2024,0.5514934289127837,0.6026320177573117,
Tucker Flint,2024,0.6260465324184789,0.6337502058135257,
Evan Skoug,2024,0.5737414621806223,0.5877507213807411,
DJ Gladney,2024,0.6336405529953917,0.6337789669759233,
Andy Yerzy,2024,0.6311617587736991,0.6292944277281783,
Joshua Fuentes,2024,0.5802900802900803,0.5853780285492021,
Jordy Barley,2024,0.5151653017895056,0.5583993163583316,
Jonathan Morales,2024,0.5982151518090988,0.5962307529361803,
Walking Cabrera,2024,0.5477725878416062,0.546147957006855,
Jorge Ona,2024,0.5636480915388282,0.59514720084599,
Robert Hassell III,2024,0.5737025045749369,0.613041390821564,
Garrett Wolforth,2024,0.5451023796347537,0.5419252303309348,
Brandon Lewis,2024,0.6004777242032107,0.6134986811723744,
Lamar Sparks,2024,0.5879382889200562,0.6088409919559796,
Nick Dalesandro,2024,0.5449278935042525,0.5633679843571837,
Aaron Sabato,2024,0.591356783919598,0.6163599451798427,
Cole Roederer,2024,0.5892529442157963,0.6474279720452919,
Cooper Johnson,2024,0.5227777777777778,0.47101977286357755,
Tyler Osik,2024,0.5976647253625671,0.6394064871543165,
Javier Valdes,2024,0.6875734085036411,0.6562033355305188,
Joe Donovan,2024,0.5396987664417638,0.5784602496568251,
Edryn Rodriguez,2024,0.45944087065582395,0.40247860067209795,
Zach Watson,2024,0.5565341699527003,0.5785372870656328,
Beau Philip,2024,0.5266357645675147,0.5403342744485495,
Nic Kent,2024,0.6342557540884313,0.6105816705794196,
Kevin Graham,2024,0.566780080420662,0.5439331279831482,
Eddy Diaz,2024,0.5947767940644679,0.5650437568356729,
Robert Perez Jr.,2024,0.6428801382283784,0.6415451293295511,
Paul Witt,2024,0.600940329695844,0.5341861203375227,
Nick Quintana,2024,0.5741512512532191,,
Logan Wyatt,2024,0.6051244565844651,0.6357761271695554,
Bladimir Restituyo,2024,0.6423639797002243,0.6852256641425299,
Gionti Turner,2024,0.4833050650171272,0.53826015468907,
Hayden Dunhurst,2024,0.4636752136752137,,
Scott McKeon,2024,0.4935358758888171,0.5231645525932496,
Bennett Hostetler,2024,0.638122505639424,0.6231191784624122,
J.C. Correa,2024,0.6386136288921241,0.630262351382501,
Kenneth Betancourt,2024,0.5507603207384923,0.5993992877825229,
Harold Castro,2024,0.6823752003713988,0.6504839835008127,
Kevin Maitan,2024,0.5277012711864406,0.5856700374106036,
Brenden Dixon,2024,0.6031202718456234,0.5508000096037123,
Wilfred Veras,2024,0.6419822266758082,0.6679623030627356,
Alexfri Planez,2024,0.5791078953951546,0.5773952804746076,
Connor Scott,2024,0.6069597069597069,0.6246235769735691,
Michael Toglia,2024,0.6808942444902489,0.710895672051659,0.76686245
Brett Johnson,2024,0.5427474279089987,0.5083178296396433,
Casey Martin,2024,0.5150842000157069,0.5261370423970892,
Brian Rey,2024,0.6261904761904762,0.6425129713858468,
Junior Perez,2024,0.5411940273124607,0.525771042610226,
Taylor Snyder,2024,0.6245046829971181,0.5605993934054548,
Nick Schnell,2024,0.5308928571428572,0.5308298461466895,
Joe Naranjo,2024,0.5779970710547293,0.6030532350623742,
Jordan Nwogu,2024,0.5729395573061218,0.6023303262859332,
Leandro Pineda,2024,0.6076508556878072,0.5412442144518594,
Neyfy Castillo,2024,0.5849377938902143,0.6428236095037596,
Jordan Brewer,2024,0.5820644253480074,0.6039388986200702,
D'Shawn Knowles,2024,0.5374192612564954,0.5826542275373412,
Todd Lott,2024,0.605371302125866,0.6198114937391753,
Nick Shumpert,2024,0.4676626960091527,0.45742208158713626,
Luis Toribio,2024,0.601180054625674,0.5631089610657949,
Zion Bannister,2024,0.4791554999702221,0.4395407056658709,
Tyler Miller,2024,0.6243893917098375,0.5646177991819497,
Juan Fernandez,2024,0.598474745008171,0.6239673736184106,
Agustin Ruiz,2024,0.602592507994518,0.6217462292261141,
Luis Encarnacion,2024,0.5891135410219379,0.5041772052495107,
Tyler Robertson,2024,0.5839971456072223,0.5431254131065145,
Colby Thomas,2024,0.5961517017913247,0.5713131810504943,
Daniel Montano,2024,0.6546797313022321,0.617981053199334,
McCarthy Tatum,2024,0.5614955357142857,0.5813596110432825,
Chris Shaw,2024,0.5468703204552261,0.5991850636857714,
Bryce Ball,2024,0.6024700196885627,0.6278554148243031,
Ryan Wrobleski,2024,0.5257615975530437,0.507122482521103,
Brayan Buelvas,2024,0.562940013572925,0.5780688579130617,
Willie Joe Garry Jr.,2024,0.5303854875283447,0.5951323785084666,
Sheng-Ping Chen,2024,0.5464592713876382,0.5660438952330533,
Myles Emmerson,2024,0.4643822393822394,0.45322018187129604,
Wendell Rijo,2024,0.6135693215339233,0.638259876816272,
Noah Campbell,2024,0.6051763071043946,0.6398654272094665,
Kekai Rios,2024,0.5269923513446829,0.5530067790448634,
Benny Montgomery,2024,0.6296607425275598,0.6179731714073295,
Yasel Antuna,2024,0.5754342431761786,0.5792820896246292,
Lolo Sanchez,2024,0.5836596529699438,0.6470671895692217,
Hendrik Clementina,2024,0.5645128205128205,0.6032724303840185,
Jacob Gonzalez,2024,0.5917445127971444,0.6253376144371481,
Rainer Nunez,2024,0.6157161020797384,0.6357900690782701,
Korey Holland,2024,0.5542419266557197,0.6010768853589308,
Jose Ramos,2024,0.5924157809403712,0.6631841757237463,
Duke Ellis,2024,0.5278780963875871,0.5919631925275466,0.4
Preston Palmeiro,2024,0.5921598254008227,0.5922397103028348,
Matt Adams,2024,0.5888860780841555,0.6262294378534499,
Joe Gray Jr.,2024,0.5898571186031758,0.5494421007726157,
Caleb Roberts,2024,0.6261261261261262,0.6650067266513708,
Colin Simpson,2024,0.6434466951948172,0.6789702683388197,
Trey Harris,2024,0.6037654552266767,0.6249462615862706,
Josh Hatcher,2024,0.5789853677319985,0.6458718694465699,
James Free,2024,0.6560891938250428,0.6587903900418817,
Grant Lavigne,2024,0.6632984665380319,0.6878881261215257,
Justice Thompson,2024,0.572236107881888,0.5640858970030405,
Orlando Martinez,2024,0.6428315412186381,0.6377108009615747,
Jalen Battles,2024,0.49745954333850584,0.5566223345359751,
Angel Aponte,2024,0.5839743589743589,0.5336652818439747,
Tanner Allen,2024,0.6024476613603948,0.6245484732596146,
Griffin Doersching,2024,0.6213542109546775,0.5450506023265246,
Tristen Lutz,2024,0.572823383084577,0.6325320392026084,
Alex McGarry,2024,0.6413601039121151,0.6559521298769195,
Keyber Rodriguez,2024,0.575682989515482,0.5965290574598325,
Jeison Guzman,2024,0.5842501862357459,0.5943809041438959,
Geraldo Quintero,2024,0.6136363636363636,0.555590366721175,
Jake Rucker,2024,0.5966235632183908,0.5988734533007223,
Cal Conley,2024,0.5816320687186829,0.5656884444092187,
Nick Vogt,2024,0.5447636371239206,0.4921731391356848,
TT Bowens,2024,0.5636727218359872,0.6096126006045128,
Michael Sandle,2024,0.5494367959949937,0.5896007642240106,
Julio Carrion,2024,0.5181390661740006,0.4608208691425094,
Madison Stokes,2024,0.5646853146853147,0.5680572830494162,
Alejandro Pie,2024,0.4086819613135403,,
Werner Blakely,2024,0.5375372457572225,0.49517772100299684,
Jhailyn Ortiz,2024,0.5931211231592405,0.6287448815401757,
Jaylen Palmer,2024,0.5173054329533546,0.5298339875006137,
Baron Radcliff,2024,0.5582779623477298,0.6108308164758487,
Justin Lavey,2024,0.494618968137316,0.49579761538604034,
Sebastian Espino,2024,0.5333341159621051,0.5378495573526423,
Austin Callahan,2024,0.555564696365157,0.5964366553275926,
Logan Cerny,2024,0.5260588807668493,0.5374830946558063,
Brantley Bell,2024,0.5018130539887188,0.5534236807101669,
Alex Hall,2024,0.5728185013499058,0.5151441247179447,
Carlos De La Cruz,2024,0.6154704520753653,0.6670959025322871,
Damon Keith,2024,0.5884466781523656,0.5591357806789454,
Hudson Potts,2024,0.5466104422841692,0.5646531096223288,
Dilan Rosario,2024,0.5095106611443473,0.4577759422218465,
Ryan Clifford,2024,0.6163056891957148,0.5983828806591679,
Victor Bericoto,2024,0.6457228246412868,0.6697189511060954,
Caberea Weaver,2024,0.5059085841694537,0.5007936260659832,
Sammy Siani,2024,0.5304203839398324,0.5285772668990748,
L.J. Jones,2024,0.5913131483511849,0.6337699676526748,
Danny Bautista Jr.,2024,0.5689980607627666,0.5458191171854674,
Lucas Dunn,2024,0.5467678770004352,0.5198521147648301,
Bryson Worrell,2024,0.5126043165467626,0.44658198345442723,
Justin Farmer,2024,0.521024891316893,0.5630786376115475,
Aaron Zavala,2024,0.569106529209622,0.6151905371736817,
Arol Vera,2024,0.5087813425334818,0.5315709492491951,
Rixon Wingrove,2024,0.5909447879884352,0.614625943594562,
Sammy Infante,2024,0.5616610265087423,0.5175837335780774,
Carlos Luis,2024,0.5817351598173516,0.5541579919647481,
Dalvy Rosario,2024,0.5525718876906849,0.5656778268070737,
Ethan Wilson,2024,0.5984310581768209,0.6303051537574136,
Jeremy De La Rosa,2024,0.5612546437014522,0.5434926758762504,
Tim Borden II,2024,0.4959802519761513,0.5101178295752073,
Will Matthiessen,2024,0.5473476212190302,,
Jack Rogers,2024,0.6013510365711623,0.5576577844539156,
T.J. White,2024,0.5515943575154101,0.5158434476155154,
Chris Seise,2024,0.512559084339232,0.5387263194095008,
Kale Emshoff,2024,0.6038583175205565,0.5384362163090921,
Sonny DiChiara,2024,0.5333713825287048,0.5918787255293196,
Jared Dupere,2024,0.5534785266013744,0.5144480005293073,
Rolando Espinosa,2024,0.48416537667698656,0.46540667958473725,
Joe Stewart,2024,0.5275515540944411,0.511917245031603,
Anthony Servideo,2024,0.4473461590940101,0.5023232654462347,
Bryson Horne,2024,0.5508510638297872,0.587944323933669,
Miguel Palma,2024,0.5979236812570146,0.5701191870973039,
Jonathan Guzman,2024,0.4828659645561054,0.5292402551137705,
